"species","sample_id","term","est","se","lower","upper"
"ACPL","ACPL_122_1","Kmax",1.37151090105027,0.0152219371268678,1.3417153463653,1.40123581779424
"ACPL","ACPL_122_1","slope",52.8554046797519,2.47483324490821,48.0171251275157,57.716916732503
"ACPL","ACPL_122_1","p50",-4.50700621131395,0.0281409341278516,-4.56199500979296,-4.45172189845809
"ACPL","ACPL_122_1","p12",-3.56460960269737,0.0579585062399377,-3.67180261102655,-3.44432748401689
"ACPL","ACPL_122_1","p88",-5.44940281993053,0.0467522926981975,-5.54716500803925,-5.36342547591074
"ACPL","ACPL_122_3","Kmax",0.831756107622092,0.0128760034408525,0.806465404835267,0.856966220027824
"ACPL","ACPL_122_3","slope",77.0896101759528,5.93330820933785,65.4439440494032,88.7499737746998
"ACPL","ACPL_122_3","p50",-4.34235827369549,0.0258506482552322,-4.39275324473136,-4.29183222712897
"ACPL","ACPL_122_3","p12",-3.69621732158061,0.0594637894188782,-3.79982472884109,-3.56633686538027
"ACPL","ACPL_122_3","p88",-4.98849922581038,0.0547548058848372,-5.1088106992976,-4.89328596914539
"ACPL","ACPL_122_4","Kmax",1.19960279124081,0.032411719685278,1.13642516157143,1.26310135474335
"ACPL","ACPL_122_4","slope",61.5710031145253,7.01006774593986,47.8638664694381,75.3731252864488
"ACPL","ACPL_122_4","p50",-4.54449991171291,0.0579942596878543,-4.65728627508421,-4.4304476756401
"ACPL","ACPL_122_4","p12",-3.73550295539234,0.121380109672217,-3.93805618650432,-3.46247585429595
"ACPL","ACPL_122_4","p88",-5.35349686803347,0.104605964132457,-5.59181086660157,-5.18076668114734
"ACPL","ACPL_122_5","Kmax",1.76709730343779,0.0457568710447105,1.67730107068331,1.85656981672106
"ACPL","ACPL_122_5","slope",84.9895243366023,12.9907217625901,59.6321663594489,110.602951753382
"ACPL","ACPL_122_5","p50",-4.57650455835685,0.0530911100698409,-4.68070373888967,-4.4734343563968
"ACPL","ACPL_122_5","p12",-3.99042345593794,0.115391024731597,-4.16914631397147,-3.7159430981175
"ACPL","ACPL_122_5","p88",-5.16258566077577,0.110080963304902,-5.42397467671509,-4.9933447152768
"ACPL","ACPL_238_1","Kmax",1.27921089058246,0.0175856468320296,1.24461694395977,1.31360444711605
"ACPL","ACPL_238_1","slope",69.1396998851878,3.35086871665058,62.5558650310224,75.706620144684
"ACPL","ACPL_238_1","p50",-4.79163434507172,0.0201884769459968,-4.83115183963691,-4.75210872071017
"ACPL","ACPL_238_1","p12",-4.07119797927942,0.0460605695292323,-4.15532483222548,-3.97469361667183
"ACPL","ACPL_238_1","p88",-5.51207071086402,0.0343242086307476,-5.58425389176932,-5.44975834092252
"ACPL","ACPL_238_3","Kmax",1.3600513112553,0.0278842604145877,1.30534919296594,1.41449828153389
"ACPL","ACPL_238_3","slope",77.1564402822809,6.64960095093195,64.1518032162344,90.1868237053496
"ACPL","ACPL_238_3","p50",-4.40273124418664,0.0308414336093173,-4.4630254345973,-4.3422506662923
"ACPL","ACPL_238_3","p12",-3.75714995589729,0.0751700299849894,-3.8876983533588,-3.59317530681075
"ACPL","ACPL_238_3","p88",-5.04831253247598,0.053264742044384,-5.16788026157623,-4.95869460570193
"ACPL","ACPL_238_4","Kmax",1.55327585676632,0.0280957990200636,1.49847095418536,1.608368334874
"ACPL","ACPL_238_4","slope",87.9914039677055,6.47839518164812,75.2667782177668,100.661714214034
"ACPL","ACPL_238_4","p50",-4.85084629821072,0.0232716448408893,-4.89671993313862,-4.80508346866154
"ACPL","ACPL_238_4","p12",-4.2847597048483,0.0531592406828739,-4.37874862910292,-4.16976446157519
"ACPL","ACPL_238_4","p88",-5.41693289157314,0.0434705563667652,-5.51181184228117,-5.34115616922291
"ACPL","ACPL_238_5","Kmax",0.891322783888596,0.027121084439444,0.837773113921748,0.944524851724112
"ACPL","ACPL_238_5","slope",94.8457506717127,12.9172520985126,69.5772480691324,120.236216675408
"ACPL","ACPL_238_5","p50",-4.13188177886095,0.0465673653542468,-4.22313076346841,-4.04097438849865
"ACPL","ACPL_238_5","p12",-3.60670533432351,0.10966544873811,-3.7857439102231,-3.35713070484303
"ACPL","ACPL_238_5","p88",-4.6570582233984,0.0658587372940895,-4.81573184170731,-4.55658590749434
"ACPL","ACPL_370_2","Kmax",1.41353543998942,0.0315629108809209,1.35150034217899,1.47514901383154
"ACPL","ACPL_370_2","slope",90.1276009158929,7.57157213910265,75.2335004430293,104.94481112665
"ACPL","ACPL_370_2","p50",-4.45007644504832,0.0262230666493216,-4.5015437727026,-4.39870631287616
"ACPL","ACPL_370_2","p12",-3.89740718933676,0.0601044279690776,-4.00189520371935,-3.76636416463601
"ACPL","ACPL_370_2","p88",-5.00274570075988,0.0483557090749242,-5.1104209275378,-4.920015163745
"ACPL","ACPL_370_3","Kmax",1.13429372304329,0.0245257916583122,1.08629756331055,1.18236815940261
"ACPL","ACPL_370_3","slope",87.6332792750356,6.68802224916465,74.4899720737733,100.785798472672
"ACPL","ACPL_370_3","p50",-4.41777462999576,0.0258393083331683,-4.46842283021696,-4.36698691069386
"ACPL","ACPL_370_3","p12",-3.84937465079466,0.0574375639360982,-3.95068872153698,-3.72465964903042
"ACPL","ACPL_370_3","p88",-4.98617460919687,0.0445392510922098,-5.08365985232183,-4.90871595059845
"ACPL","ACPL_370_4","Kmax",1.42850066208473,0.0142518808913785,1.4005731441486,1.45634355708681
"ACPL","ACPL_370_4","slope",68.6475796684937,2.37804007640654,63.9873607071204,73.3294987301339
"ACPL","ACPL_370_4","p50",-4.84237142752475,0.015710086907486,-4.87334902540638,-4.81157835246185
"ACPL","ACPL_370_4","p12",-4.11677040331098,0.0343669200168912,-4.18151548112668,-4.04697772748455
"ACPL","ACPL_370_4","p88",-5.56797245173851,0.0242500813893907,-5.61807947050779,-5.52308702373518
"ACPL","ACPL_370_5","Kmax",1.82894354364516,0.0240066978690085,1.78222733816228,1.8761953445878
"ACPL","ACPL_370_5","slope",48.623589432592,2.16220479256063,44.3701787287059,52.8367097821089
"ACPL","ACPL_370_5","p50",-4.37022478328505,0.0226901482825369,-4.41455550281018,-4.32571370360837
"ACPL","ACPL_370_5","p12",-3.34580937713103,0.0593594625682816,-3.45399266688363,-3.22195977063017
"ACPL","ACPL_370_5","p88",-5.39464018943907,0.0415596419492968,-5.4830403810404,-5.31974657290825
"ACPL","ACPL_47_1","Kmax",1.09240297517148,0.0647510308560787,0.965796307633887,1.22008857947074
"ACPL","ACPL_47_1","slope",31.346319480235,3.79620139231408,23.9272189249853,38.7765590145532
"ACPL","ACPL_47_1","p50",-3.18282020471786,0.132278744472066,-3.44144533089616,-2.92182041119394
"ACPL","ACPL_47_1","p12",-1.59377386871459,0.31309859713326,-2.11843047479183,-0.889056019830056
"ACPL","ACPL_47_1","p88",-4.77186654072112,0.144811409154376,-5.11758797102978,-4.55036035780997
"ACPL","ACPL_47_2","Kmax",1.8171463802694,0.0307386886324473,1.75698994331433,1.87722467260577
"ACPL","ACPL_47_2","slope",73.8700924374275,6.15902189812186,61.8266852546318,86.0105576179273
"ACPL","ACPL_47_2","p50",-4.22435154603295,0.0259049701408172,-4.27525265677782,-4.17367227649167
"ACPL","ACPL_47_2","p12",-3.55004950479145,0.0701743758662445,-3.67156968109682,-3.39519189165198
"ACPL","ACPL_47_2","p88",-4.89865358727444,0.0557151232285165,-5.02328069366527,-4.80504562294113
"ACPL","ACPL_47_3","Kmax",1.19395005652674,0.0186431447948901,1.15721848099642,1.23049178570323
"ACPL","ACPL_47_3","slope",91.8327844952216,9.92841939859357,72.2841285042466,111.219609809711
"ACPL","ACPL_47_3","p50",-4.37388397087072,0.0308244393650194,-4.43451083460312,-4.31349430096353
"ACPL","ACPL_47_3","p12",-3.83147687311091,0.0681923578736672,-3.94360878815245,-3.6755289995055
"ACPL","ACPL_47_3","p88",-4.91629106863053,0.0697371834966268,-5.075241487581,-4.80162379137331
"ACPL","ACPL_47_4","Kmax",2.16584881082552,0.296317952150787,1.58402859876485,2.74652424895081
"ACPL","ACPL_47_4","slope",37.8963385461015,6.19164123782465,25.8233240820637,50.0251464278337
"ACPL","ACPL_47_4","p50",-1.92013966187931,0.209961927848386,-2.33104203440308,-1.50855880243201
"ACPL","ACPL_47_4","p12",-0.605744761784683,0.435525986233421,-1.31371439150039,0.387369800090559
"ACPL","ACPL_47_4","p88",-3.23453456197393,0.132293322545938,-3.554154220847,-3.04835307383664
"ACPL","ACPL_47_5","Kmax",1.22828865911574,0.0210495029754925,1.18703456022106,1.26959351538706
"ACPL","ACPL_47_5","slope",88.8284100423646,9.22435822362634,70.802689503882,106.911374932797
"ACPL","ACPL_47_5","p50",-4.55219598828031,0.0358168685607719,-4.62275099895098,-4.48217557144761
"ACPL","ACPL_47_5","p12",-3.99144347572831,0.0730365800747071,-4.11536173075711,-3.82871839224446
"ACPL","ACPL_47_5","p88",-5.11294850083231,0.068150383808201,-5.26572899835314,-4.99860875960867
"ACSA","ACSA_165_1","Kmax",1.37142992788413,0.0282134088233756,1.31603052408066,1.42683948528973
"ACSA","ACSA_165_1","slope",68.9038509390837,6.02630191675545,57.1807042344433,80.7974731545288
"ACSA","ACSA_165_1","p50",-4.52563809027846,0.0357331509247223,-4.59630238528338,-4.45583648247067
"ACSA","ACSA_165_1","p12",-3.80273576423442,0.0812038056115443,-3.94415850517539,-3.62629793348421
"ACSA","ACSA_165_1","p88",-5.24854041632249,0.0667065517461732,-5.39744996919941,-5.13409163190713
"ACSA","ACSA_165_2","Kmax",0.279794428859912,0.00986172503043207,0.260433764645902,0.299013898933132
"ACSA","ACSA_165_2","slope",122.144222707769,23.930678778069,75.7534772136146,169.45586744252
"ACSA","ACSA_165_2","p50",-4.53741798051887,0.0467815121827254,-4.629291626241,-4.4455710248569
"ACSA","ACSA_165_2","p12",-4.1296151961299,0.112136221602791,-4.28821694901012,-3.85377399573623
"ACSA","ACSA_165_2","p88",-4.94522076490785,0.100953313937437,-5.19582746806619,-4.80566295170771
"ACSA","ACSA_165_5","Kmax",0.694860156172992,0.0186738959688201,0.6581226753847,0.731768552132057
"ACSA","ACSA_165_5","slope",116.989563724173,15.2754281539881,87.0946515897606,146.902234664803
"ACSA","ACSA_165_5","p50",-4.0453802287201,0.0429227303256064,-4.12921994397397,-3.96142533043263
"ACSA","ACSA_165_5","p12",-3.61960930923283,0.0799442840771665,-3.75202042643449,-3.4383127588561
"ACSA","ACSA_165_5","p88",-4.47115114820736,0.0669630269814641,-4.62349542011124,-4.36057824463585
"ACSA","ACSA_27_1","Kmax",1.58950453165933,0.0633963106716806,1.46487463651523,1.71389098186389
"ACSA","ACSA_27_1","slope",82.4752710918717,17.778878510645,47.716269067592,117.385733114465
"ACSA","ACSA_27_1","p50",-4.15833309084639,0.0619995931717062,-4.27945045311813,-4.03723778829205
"ACSA","ACSA_27_1","p12",-3.55438534435436,0.223522409474251,-3.79580356450126,-3.07410764205888
"ACSA","ACSA_27_1","p88",-4.76228083733842,0.201897294555355,-5.18951740826624,-4.56382559771691
"ACSA","ACSA_27_2","Kmax",0.538896860144009,0.0193907982201825,0.500605453619026,0.57661862618132
"ACSA","ACSA_27_2","slope",64.8405810482788,10.244365730011,44.6904159431398,84.8459997189784
"ACSA","ACSA_27_2","p50",-3.66544835653783,0.0757548289718804,-3.81426481456989,-3.51700148565921
"ACSA","ACSA_27_2","p12",-2.89724496736451,0.185642876390202,-3.18528268261087,-2.46026990818147
"ACSA","ACSA_27_2","p88",-4.43365174571115,0.119817263221596,-4.72826012842711,-4.26140967705374
"ACSA","ACSA_27_3","Kmax",2.42029886215678,0.067764688468224,2.28707013647193,2.55291028548801
"ACSA","ACSA_27_3","slope",87.1650173947253,12.3142962105854,63.0115744310618,111.073027186572
"ACSA","ACSA_27_3","p50",-4.02928219685947,0.0439797268348321,-4.11528674716276,-3.94310119495738
"ACSA","ACSA_27_3","p12",-3.45782869858633,0.1133206923902,-3.63628327126363,-3.19128396985854
"ACSA","ACSA_27_3","p88",-4.60073569513261,0.0814114826434639,-4.79862125861736,-4.47994047241153
"ACSA","ACSA_286_1","Kmax",1.80819460983391,0.0332766883087522,1.74324906988215,1.87334766982585
"ACSA","ACSA_286_1","slope",103.62827881981,8.73817958902987,86.5844958233813,120.753583073305
"ACSA","ACSA_286_1","p50",-4.15192600262597,0.0213980053902832,-4.19379642488533,-4.10993529893094
"ACSA","ACSA_286_1","p12",-3.67125842149334,0.0519057542946233,-3.76086385221549,-3.55812351696937
"ACSA","ACSA_286_1","p88",-4.63259358375859,0.0413397489886496,-4.72474277706269,-4.5620788740733
"ACSA","ACSA_286_2","Kmax",1.44754215067409,0.0129870645063599,1.42190728477927,1.47291972104998
"ACSA","ACSA_286_2","slope",71.3776538216586,2.98967020887993,65.5309767217047,77.2318967258402
"ACSA","ACSA_286_2","p50",-4.48964987110654,0.0155985406597474,-4.52031314511175,-4.45902672134894
"ACSA","ACSA_286_2","p12",-3.79180185495136,0.0353822464220868,-3.8573096535472,-3.71859446189942
"ACSA","ACSA_286_2","p88",-5.18749788726171,0.0311156322056569,-5.25227600228111,-5.13056723392756
"ACSA","ACSA_286_3","Kmax",0.668035976870388,0.00309169312746144,0.661967679721674,0.674103364220199
"ACSA","ACSA_286_3","slope",146.468422290081,4.84515233762947,136.910353477682,155.977364689
"ACSA","ACSA_286_3","p50",-4.32150092375698,0.00637729186753829,-4.33400436425976,-4.30902041221383
"ACSA","ACSA_286_3","p12",-3.98142247313638,0.0134997578135025,-4.00665787964981,-3.95376787956385
"ACSA","ACSA_286_3","p88",-4.66157937437758,0.012436189198047,-4.68718200418937,-4.63846597982672
"ACSA","ACSA_286_4","Kmax",1.24157185119923,0.0111286787512724,1.21961676307101,1.26336179740647
"ACSA","ACSA_286_4","slope",142.871763706474,10.2461308338844,122.719736279366,162.844089030072
"ACSA","ACSA_286_4","p50",-4.55078108245797,0.015865634283,-4.58165212016194,-4.51963475766006
"ACSA","ACSA_286_4","p12",-4.20214148548632,0.0319864318229063,-4.25914277530447,-4.13286549314134
"ACSA","ACSA_286_4","p88",-4.89942067942963,0.0280537529976997,-4.95963210869106,-4.84963527717194
"ACSA","ACSA_286_5","Kmax",1.37908873213028,0.0220554985625371,1.33589827023064,1.4224795015875
"ACSA","ACSA_286_5","slope",119.718903879187,9.78602207840801,100.59785153023,138.92465580248
"ACSA","ACSA_286_5","p50",-4.24095843701713,0.0194851626885591,-4.27916334253759,-4.2027528982899
"ACSA","ACSA_286_5","p12",-3.82489420235356,0.0430486031838489,-3.89997619347194,-3.73128695662146
"ACSA","ACSA_286_5","p88",-4.6570226716807,0.0367241427580539,-4.73786981980372,-4.59365681155105
"ACSA","ACSA_413_1","Kmax",1.36061581565244,0.0769188111552131,1.20898371695119,1.51150310226379
"ACSA","ACSA_413_1","slope",197.864297030972,67.5082741182204,65.3094150468298,330.264933524123
"ACSA","ACSA_413_1","p50",-2.47858929238654,0.0685851075476869,-2.61228006742769,-2.34315119535354
"ACSA","ACSA_413_1","p12",-2.22684729110241,4.72144677648278,-2.36153766038333,-1.78504167249513
"ACSA","ACSA_413_1","p88",-2.73033129367067,4.72277744211164,-3.28483505186271,-2.52301030768261
"ACSA","ACSA_413_2","Kmax",0.764802124278593,0.00658045502860983,0.751906212065068,0.777680066826186
"ACSA","ACSA_413_2","slope",176.645324499107,10.1621706651171,156.65510897393,196.57848320017
"ACSA","ACSA_413_2","p50",-3.97160658786224,0.0074534779421319,-3.98620185116609,-3.95697707286425
"ACSA","ACSA_413_2","p12",-3.68962485832313,0.0209679663386456,-3.72739024210495,-3.64492592052509
"ACSA","ACSA_413_2","p88",-4.25358831740135,0.014553763627923,-4.28511566132055,-4.22822160322608
"ACSA","ACSA_413_3","Kmax",1.32456113174227,0.0178623253522337,1.28945568058632,1.35972096820797
"ACSA","ACSA_413_3","slope",95.4343302134278,5.46201409530357,84.6253395583611,106.102363915892
"ACSA","ACSA_413_3","p50",-4.26311548562312,0.0173801834574837,-4.29723558853967,-4.22919096699758
"ACSA","ACSA_413_3","p12",-3.74117800247781,0.0381586163398479,-3.81009492065186,-3.66016415066438
"ACSA","ACSA_413_3","p88",-4.78505296876843,0.0313705810341877,-4.85187235926501,-4.72874322868863
"ACSA","ACSA_413_4","Kmax",1.14936000312718,0.0217104368337786,1.10674830880565,1.191716687194
"ACSA","ACSA_413_4","slope",86.659883152064,6.72915102800644,73.515475362092,99.9044038851406
"ACSA","ACSA_413_4","p50",-4.41884480398061,0.0247821300465148,-4.4671671380606,-4.37001261484895
"ACSA","ACSA_413_4","p12",-3.84406034425718,0.0581255276935209,-3.94639194182004,-3.71861209490116
"ACSA","ACSA_413_4","p88",-4.99362926370405,0.0450502294424943,-5.09243484019345,-4.91567775360435
"ACSA","ACSA_413_5","Kmax",1.26876949994057,0.0230674339109935,1.22357696124122,1.31421192868351
"ACSA","ACSA_413_5","slope",114.102026487483,9.18909258845052,96.079829533696,132.166878240941
"ACSA","ACSA_413_5","p50",-4.05829388738325,0.0195552208553722,-4.09669818579265,-4.01994893938701
"ACSA","ACSA_413_5","p12",-3.621748142749,0.0454881915417464,-3.70101540333005,-3.52306420973974
"ACSA","ACSA_413_5","p88",-4.4948396320175,0.0360345708700201,-4.57426568452044,-4.4329460963984
"BEPA","BEPA_155_1","Kmax",1.00293899675432,0.00408919048802846,0.99492520045417,1.01096274776569
"BEPA","BEPA_155_1","slope",292.114710061739,10.6239446288447,271.262720799415,312.908351077355
"BEPA","BEPA_155_1","p50",-2.51082171770175,0.00346795640809215,-2.51763351201899,-2.5040068301538
"BEPA","BEPA_155_1","p12",-2.34030392999182,0.00728855336756917,-2.35379521182399,-2.32522090493073
"BEPA","BEPA_155_1","p88",-2.68133950541168,0.00697510220125862,-2.69568943967387,-2.6683494862595
"BEPA","BEPA_155_2","Kmax",0.0467825166783201,0.000612031690822407,0.0455816708656537,0.0479852783863882
"BEPA","BEPA_155_2","slope",169.278774394313,12.9249194662253,143.954459502051,194.607585025953
"BEPA","BEPA_155_2","p50",-2.52349481434891,0.0129012924774503,-2.54875378960234,-2.4981738557606
"BEPA","BEPA_155_2","p12",-2.22924200979334,0.0278627902732591,-2.27803245360805,-2.16873427898893
"BEPA","BEPA_155_2","p88",-2.81774761890447,0.0248491412021244,-2.87177635842262,-2.77458505605536
"BEPA","BEPA_155_3","Kmax",0.658901343877512,0.00702594013244315,0.645105114242976,0.672686095370227
"BEPA","BEPA_155_3","slope",391.593594097475,38.7874225635129,315.515167861329,467.479072683046
"BEPA","BEPA_155_3","p50",-2.30507991679168,0.00718960701558247,-2.31918166512699,-2.29102751158995
"BEPA","BEPA_155_3","p12",-2.1778797917946,0.0153559326065517,-2.20393180608841,-2.14347531736017
"BEPA","BEPA_155_3","p88",-2.43228004178876,0.0146204092194475,-2.46515882069374,-2.40782752398717
"BEPA","BEPA_155_4","Kmax",1.25779953582555,0.00963070593792075,1.2389231648541,1.2765305272384
"BEPA","BEPA_155_4","slope",371.395364104961,26.5219433870755,319.524237529368,423.271561823468
"BEPA","BEPA_155_4","p50",-2.31481760947094,0.00548549151507552,-2.32558506711983,-2.30407609497247
"BEPA","BEPA_155_4","p12",-2.18069974228297,0.0114819278719057,-2.20106659575116,-2.15607827669516
"BEPA","BEPA_155_4","p88",-2.4489354766589,0.0109411804916668,-2.47246673182771,-2.42977986671413
"BEPA","BEPA_216_3","Kmax",0.431730261157554,0.00981228279570088,0.412403865177146,0.450872035766567
"BEPA","BEPA_216_3","slope",209.658172911412,21.8834946710081,166.426927650855,252.312004023617
"BEPA","BEPA_216_3","p50",-2.46093850408079,0.0136385380262327,-2.48779922298966,-2.43420810084059
"BEPA","BEPA_216_3","p12",-2.2233577151921,0.0316559537235876,-2.27637955357543,-2.15187165878196
"BEPA","BEPA_216_3","p88",-2.69851929296949,0.0269414953075638,-2.75990000996758,-2.65424750858364
"BEPA","BEPA_395_1","Kmax",0.916897965750096,0.028329925299073,0.861054682751275,0.972274566402503
"BEPA","BEPA_395_1","slope",409.658242603034,201.821029946938,13.6115078477026,804.33858189999
"BEPA","BEPA_395_1","p50",-2.24773881406255,0.0411405012231357,-2.32845937844909,-2.16737923926277
"BEPA","BEPA_395_1","p12",-2.12614781713607,672.87675321097,-2.30249928996026,-1.48021830050806
"BEPA","BEPA_395_1","p88",-2.36932981098904,672.877272052731,-2.88880015739602,-2.33236415878813
"BEPA","BEPA_395_2","Kmax",2.52627559737177,0.0485593369739406,2.43089961082992,2.62216868214165
"BEPA","BEPA_395_2","slope",272.302666804331,26.6878829466456,219.699807340837,324.472407508479
"BEPA","BEPA_395_2","p50",-2.06941612572129,0.00947952547050662,-2.08796849672467,-2.05083687445639
"BEPA","BEPA_395_2","p12",-1.88649190135794,0.0239214777643525,-1.92706534883404,-1.8329729774129
"BEPA","BEPA_395_2","p88",-2.25234035008464,0.017518491682654,-2.29275458837327,-2.22357438168012
"BEPA","BEPA_395_3","Kmax",0.772519955723024,0.0107245780368268,0.751467009503702,0.793454928353381
"BEPA","BEPA_395_3","slope",317.157432676202,32.2211926889722,253.74175042864,380.430134884327
"BEPA","BEPA_395_3","p50",-2.34242400425255,0.00912024984114763,-2.36033606395807,-2.32465408196222
"BEPA","BEPA_395_3","p12",-2.18537028586119,0.0197456109391965,-2.21887614150584,-2.14091598204401
"BEPA","BEPA_395_3","p88",-2.49947772264391,0.0182037035668877,-2.54059511900653,-2.46887087552647
"BEPA","BEPA_395_4","Kmax",1.0137710050022,0.0178101781488804,0.978675645195456,1.04864201287914
"BEPA","BEPA_395_4","slope",190.725926825457,16.0496390477569,159.286676630883,222.386526790292
"BEPA","BEPA_395_4","p50",-2.29063960796766,0.0124894089759605,-2.31505867163044,-2.26607830781732
"BEPA","BEPA_395_4","p12",-2.02947556516377,0.0281871389987574,-2.07872328809175,-1.96793152847363
"BEPA","BEPA_395_4","p88",-2.55180365077155,0.0232742489271938,-2.60312281570729,-2.51201054085265
"BEPA","BEPA_395_5","Kmax",2.12685396678941,0.0373601121489908,2.05376388698696,2.19997772878761
"BEPA","BEPA_395_5","slope",449.370945283488,48.5932593838847,354.161477242669,544.528716996001
"BEPA","BEPA_395_5","p50",-2.12912604555066,0.00690061389627335,-2.1427740432338,-2.11568155731566
"BEPA","BEPA_395_5","p12",-2.01828052996924,0.0151466508251672,-2.04371508669451,-1.98422965529951
"BEPA","BEPA_395_5","p88",-2.23997156113207,0.0135298901927026,-2.27083507820551,-2.21761853232226
"BEPA","BEPA_81_1","Kmax",1.03026206562167,0.0188272937517985,0.993634759272164,1.06712413762348
"BEPA","BEPA_81_1","slope",481.111988418107,120.28235990661,245.174881235625,717.999716639946
"BEPA","BEPA_81_1","p50",-2.28309883108944,0.0135871894351,-2.30990035490147,-2.25662746555953
"BEPA","BEPA_81_1","p12",-2.17956627460289,0.224902572404483,-2.23790439529597,-2.0577534032745
"BEPA","BEPA_81_1","p88",-2.38663138757599,0.221923612055274,-2.46549398150016,-2.36512877747349
"BEPA","BEPA_81_2","Kmax",1.68455481731916,0.0141026266989393,1.65707100950357,1.71217168767756
"BEPA","BEPA_81_2","slope",498.700336820479,29.1094615119019,441.637485466065,555.889712991179
"BEPA","BEPA_81_2","p50",-2.25151159562571,0.00337097304151798,-2.25814601309226,-2.24489880865055
"BEPA","BEPA_81_2","p12",-2.15163046373229,0.00702413920126584,-2.16430301256111,-2.13668121542354
"BEPA","BEPA_81_2","p88",-2.35139272751912,0.00658160293869233,-2.36531577593414,-2.33953173164191
"BEPA","BEPA_81_3","Kmax",1.88278442557089,0.0156177905425565,1.85219113004229,1.9133755208012
"BEPA","BEPA_81_3","slope",379.577161337766,19.4572468202693,341.555611394528,417.534437562889
"BEPA","BEPA_81_3","p50",-2.27854780378231,0.00385443376513455,-2.28610519618934,-2.27099818582613
"BEPA","BEPA_81_3","p12",-2.14732085129206,0.00822518510796982,-2.16226021112618,-2.13003913566412
"BEPA","BEPA_81_3","p88",-2.40977475627256,0.00738576215660545,-2.42528835690492,-2.39637034286847
"BEPA","BEPA_81_4","Kmax",1.39300307112827,0.0171797746455906,1.35933269833824,1.42669028447124
"BEPA","BEPA_81_4","slope",442.482581810873,27.114780082744,389.425125059429,495.650281058565
"BEPA","BEPA_81_4","p50",-2.0903474797827,0.00410319987331953,-2.09832901142242,-2.08231360610492
"BEPA","BEPA_81_4","p12",-1.97777637265933,0.00880156783168723,-1.99355539255918,-1.9590945261449
"BEPA","BEPA_81_4","p88",-2.20291858690606,0.00736322247051544,-2.21852625118901,-2.18974804496185
"BEPA","BEPA_81_5","Kmax",1.68234339091805,0.0300804919409032,1.6236113356183,1.74139432583404
"BEPA","BEPA_81_5","slope",472.263057864281,50.3367380696445,373.735771042413,570.650139070792
"BEPA","BEPA_81_5","p50",-2.26498815797319,0.00669081945874263,-2.27815478698219,-2.25191127238306
"BEPA","BEPA_81_5","p12",-2.15951568180172,0.0143701136610013,-2.18367402918253,-2.12722002194856
"BEPA","BEPA_81_5","p88",-2.37046063414466,0.0126944420307929,-2.39908229548946,-2.34935613934559
"BEPE","BEPE_144_1","Kmax",1.23672134121535,0.00948907531970221,1.21813728051417,1.25538759105376
"BEPE","BEPE_144_1","slope",351.054857884883,20.4173325257688,310.958952574088,390.949593338505
"BEPE","BEPE_144_1","p50",-2.16288831034495,0.00476018825402359,-2.17224887096423,-2.15358343265421
"BEPE","BEPE_144_1","p12",-2.02099950579353,0.0099898529178738,-2.03901741468001,-1.99989217419358
"BEPE","BEPE_144_1","p88",-2.30477711489637,0.00924469500060856,-2.32438498998045,-2.288240149102
"BEPE","BEPE_144_2","Kmax",0.707325883696688,0.00897514172871625,0.689738964445085,0.72495417630288
"BEPE","BEPE_144_2","slope",177.673955255745,11.8481173165221,154.431885694999,200.918351633378
"BEPE","BEPE_144_2","p50",-2.21853875011157,0.0103824851492992,-2.23885267492119,-2.19818480587856
"BEPE","BEPE_144_2","p12",-1.93818953378689,0.0232541164379665,-1.97968610407116,-1.88838862646767
"BEPE","BEPE_144_2","p88",-2.49888796643626,0.0199814052741657,-2.54232402836358,-2.46366131274276
"BEPE","BEPE_144_3","Kmax",1.2164898619569,0.0171171015833289,1.18290347100118,1.25010565049672
"BEPE","BEPE_144_3","slope",325.261538948341,27.7529535539399,270.850633509618,379.864318232516
"BEPE","BEPE_144_3","p50",-2.23746307451455,0.00758602507937564,-2.2523536453887,-2.2226055946481
"BEPE","BEPE_144_3","p12",-2.08432245334456,0.0162931981363373,-2.11265553378528,-2.04857270875527
"BEPE","BEPE_144_3","p88",-2.39060369568454,0.0145491767437089,-2.42253310187739,-2.36539113166671
"BEPE","BEPE_144_4","Kmax",1.37885097643193,0.0177764320371163,1.34401616479126,1.41357861688552
"BEPE","BEPE_144_4","slope",303.34676024796,25.3820271008842,253.557304956757,353.179007128348
"BEPE","BEPE_144_4","p50",-2.15412024836238,0.00798003643250234,-2.16982599112127,-2.13851609455844
"BEPE","BEPE_144_4","p12",-1.98991623946992,0.0170631001444331,-2.01957743263121,-1.95270658221252
"BEPE","BEPE_144_4","p88",-2.31832425725484,0.0153515950500178,-2.35210835338146,-2.29175070277936
"BEPE","BEPE_144_5","Kmax",1.93762320611108,0.0281221325886536,1.88253081999234,1.99279830864115
"BEPE","BEPE_144_5","slope",441.736683057945,55.8295506583923,331.700904381941,550.873454974396
"BEPE","BEPE_144_5","p50",-2.15639553776702,0.00812069950656085,-2.17239731787456,-2.14054554121563
"BEPE","BEPE_144_5","p12",-2.04363434761084,0.0177453898740413,-2.07225021358177,-2.00274800088105
"BEPE","BEPE_144_5","p88",-2.2691567279232,0.0168825069355984,-2.3087285612398,-2.24229384114014
"BEPE","BEPE_301_1","Kmax",1.87370923829807,0.0165208518008348,1.84136924714128,1.90594522168323
"BEPE","BEPE_301_1","slope",277.661957785272,19.5007867145555,239.495285305342,315.72685031571
"BEPE","BEPE_301_1","p50",-2.67393348636074,0.00708647916837977,-2.68771715401867,-2.65998176227272
"BEPE","BEPE_301_1","p12",-2.4945399730593,0.0151546943557073,-2.52129324211313,-2.46193826913413
"BEPE","BEPE_301_1","p88",-2.85332699966218,0.0141879630769341,-2.88401047764035,-2.8283871149041
"BEPE","BEPE_301_2","Kmax",1.09890595265709,0.00786732006849858,1.08346516689362,1.11436238012127
"BEPE","BEPE_301_2","slope",376.835946673396,32.6175562612407,312.84245449636,440.518617664881
"BEPE","BEPE_301_2","p50",-2.25309223923245,0.0074929411804017,-2.26771564122149,-2.23837770977728
"BEPE","BEPE_301_2","p12",-2.12091070358817,0.0188325349522287,-2.15386499719357,-2.08016766469386
"BEPE","BEPE_301_2","p88",-2.38527377487673,0.00604791552117417,-2.40021307898304,-2.37645797605611
"BEPE","BEPE_301_3","Kmax",0.999596125659716,0.0195851036550706,0.961276705082962,1.03801243425488
"BEPE","BEPE_301_3","slope",206.157060928858,18.3244510533244,170.107361145987,242.011823003161
"BEPE","BEPE_301_3","p50",-2.65894170830235,0.0123429629290925,-2.68306206269739,-2.63466341867781
"BEPE","BEPE_301_3","p12",-2.41732614639616,0.028177036493529,-2.46561983414756,-2.35510969886311
"BEPE","BEPE_301_3","p88",-2.90055727020854,0.0222948085084706,-2.95042854324401,-2.86280244820075
"BEPE","BEPE_301_5","Kmax",1.33729975727006,0.0731388738390936,1.19390708780245,1.48046241231642
"BEPE","BEPE_301_5","slope",249.322659131706,52.8549418863846,145.468812050369,353.199197265011
"BEPE","BEPE_301_5","p50",-2.51426024646341,0.0271412365795396,-2.56738484683864,-2.46085500506192
"BEPE","BEPE_301_5","p12",-2.31447594169654,0.0683668674060438,-2.4085114334162,-2.14564165636017
"BEPE","BEPE_301_5","p88",-2.71404455123028,0.0516289164962475,-2.8441318714588,-2.64858971260327
"BEPE","BEPE_379_1","Kmax",1.98870880430435,0.031985949768952,1.92614436785633,2.05116107319461
"BEPE","BEPE_379_1","slope",381.046969740207,37.9002042307081,306.979950872492,455.911512815866
"BEPE","BEPE_379_1","p50",-2.54848986768334,0.00741168187234425,-2.56300155559506,-2.53396215599161
"BEPE","BEPE_379_1","p12",-2.41776909551392,0.0162043930161191,-2.44522846358385,-2.3816693631212
"BEPE","BEPE_379_1","p88",-2.67921063985275,0.0146232630853637,-2.71205338813786,-2.65464520461797
"BEPE","BEPE_379_2","Kmax",4.29136101666753,0.0504459257886092,4.19235876103002,4.38981565697569
"BEPE","BEPE_379_2","slope",215.524068059583,11.0581441391874,193.858284306184,237.296452506242
"BEPE","BEPE_379_2","p50",-2.28046015213455,0.00707508114145189,-2.29435132420794,-2.26664681641591
"BEPE","BEPE_379_2","p12",-2.04934557376883,0.0153537560069538,-2.07755294347959,-2.01724606477021
"BEPE","BEPE_379_2","p88",-2.51157473050027,0.0123000067736136,-2.53758817229515,-2.48930395050054
"BEPE","BEPE_379_3","Kmax",2.43824160414121,0.0230149027263006,2.39328255055301,2.4834360886059
"BEPE","BEPE_379_3","slope",380.976164061121,18.5954243414123,344.532924001967,417.570657431787
"BEPE","BEPE_379_3","p50",-2.32680564016973,0.00375143054174792,-2.33417239063333,-2.31945627575114
"BEPE","BEPE_379_3","p12",-2.19606057311282,0.00799697475549165,-2.21077760346067,-2.17938919038042
"BEPE","BEPE_379_3","p88",-2.45755070722664,0.00687717226041488,-2.47201374306847,-2.44499682044946
"BEPE","BEPE_379_4","Kmax",0.890996472119554,0.0131750892198594,0.865240605025988,0.916966093531382
"BEPE","BEPE_379_4","slope",316.856025623107,27.2106584720217,263.606952363496,370.369051599987
"BEPE","BEPE_379_4","p50",-2.17714584001107,0.00639264399612749,-2.18960349618612,-2.16461027868316
"BEPE","BEPE_379_4","p12",-2.01994272538101,0.0172498813870761,-2.04972510567763,-1.98216554460894
"BEPE","BEPE_379_4","p88",-2.33434895464113,0.0130932634591135,-2.36387271711214,-2.31254517646111
"BEPE","BEPE_379_5","Kmax",1.97385836473685,0.0261736943168132,1.92269426022627,2.02515081235307
"BEPE","BEPE_379_5","slope",400.695047289928,31.3890649705668,339.37858846871,462.474647204224
"BEPE","BEPE_379_5","p50",-2.22485120564449,0.00539755340220186,-2.23540603914194,-2.21430484812495
"BEPE","BEPE_379_5","p12",-2.10054032520276,0.0119990355549546,-2.12153350087193,-2.07439853016573
"BEPE","BEPE_379_5","p88",-2.34916208608623,0.0106497449418601,-2.3724681418854,-2.33059728971165
"BEPE","BEPE_67_1","Kmax",1.40109356020994,0.0236691547247766,1.35492683302924,1.4475747931815
"BEPE","BEPE_67_1","slope",204.160800620776,17.654398981988,169.446010747811,238.739025674518
"BEPE","BEPE_67_1","p50",-2.57496415041859,0.0114452320837239,-2.5975255557832,-2.5526455638512
"BEPE","BEPE_67_1","p12",-2.33098609995151,0.0264700076967616,-2.3765229876995,-2.2725962955668
"BEPE","BEPE_67_1","p88",-2.81894220088567,0.0225703234183684,-2.86933831739518,-2.78070287864877
"BEPE","BEPE_67_2","Kmax",1.68646767653783,0.010840273686256,1.66524386523029,1.70749243921919
"BEPE","BEPE_67_2","slope",295.981868207743,14.5686472947766,267.432002889161,324.588048504961
"BEPE","BEPE_67_2","p50",-2.45512996069358,0.00471414030560449,-2.46438243457322,-2.44592275720255
"BEPE","BEPE_67_2","p12",-2.28684007719878,0.00990069174748609,-2.30505373626666,-2.26617582942931
"BEPE","BEPE_67_2","p88",-2.62341984418838,0.00929452720550929,-2.64301472958961,-2.60647373476851
"BEPE","BEPE_67_3","Kmax",0.0627121679728661,0.000639746936895338,0.061461645379223,0.0639682921624272
"BEPE","BEPE_67_3","slope",251.56761972746,20.4100441117438,211.747265986881,291.696197284279
"BEPE","BEPE_67_3","p50",-2.65861982081913,0.00924890290901688,-2.67675564626191,-2.64046295397744
"BEPE","BEPE_67_3","p12",-2.46061836828236,0.0195304994361153,-2.49477659112842,-2.41807625283085
"BEPE","BEPE_67_3","p88",-2.8566212733559,0.0182555008207319,-2.8964868733757,-2.82476843525778
"LADE","LADE_202_1","Kmax",0.238730690925677,0.00801531476276987,0.222999635531419,0.254449803933149
"LADE","LADE_202_1","slope",56.688996824841,8.60510719429227,39.7874932877463,73.6164355645027
"LADE","LADE_202_1","p50",-3.29984368422088,0.0728430101898042,-3.44177182044516,-3.15659038421489
"LADE","LADE_202_1","p12",-2.42117662522949,0.202964812704008,-2.73743401432092,-1.94102547161759
"LADE","LADE_202_1","p88",-4.17851074321227,0.115440193025302,-4.47198652572999,-4.02216795838076
"LADE","LADE_202_2","Kmax",0.622071662309876,0.0128434726114063,0.596792933215063,0.647247037600865
"LADE","LADE_202_2","slope",128.365132422795,14.0084823327811,100.817659814195,155.659675349279
"LADE","LADE_202_2","p50",-3.52533368119213,0.0310358615941944,-3.58610098729679,-3.4644680144585
"LADE","LADE_202_2","p12",-3.13729408525891,0.0624920609144018,-3.24450479509247,-2.99902234060164
"LADE","LADE_202_2","p88",-3.91337327712534,0.0446432114740056,-4.01406607085526,-3.83799759700396
"LADE","LADE_202_3","Kmax",0.496173049351404,0.023000041432534,0.451067856473449,0.541346476496438
"LADE","LADE_202_3","slope",65.2056443064352,12.2901537107516,41.0815942177155,89.3966459732887
"LADE","LADE_202_3","p50",-3.67092259964812,0.0840161464088654,-3.83584315030768,-3.50665775679633
"LADE","LADE_202_3","p12",-2.90702010858203,0.222086392020743,-3.2262737480833,-2.36992081882044
"LADE","LADE_202_3","p88",-4.43482509071421,0.158243873301551,-4.83251951323412,-4.22918338853926
"LADE","LADE_202_4","Kmax",0.503249137687119,0.00725134890166651,0.48900270507133,0.517428354110358
"LADE","LADE_202_4","slope",91.9627259734571,6.16259249774523,79.9065513875666,104.008558090993
"LADE","LADE_202_4","p50",-3.62454308159752,0.0217144235735769,-3.66707606814837,-3.58203467113429
"LADE","LADE_202_4","p12",-3.0829023941343,0.0485865260523244,-3.17001855527843,-2.97928790202008
"LADE","LADE_202_4","p88",-4.16618376906074,0.0362982010199089,-4.24460210596912,-4.1019660242583
"LADE","LADE_202_5","Kmax",0.528387655725927,0.0154080093883543,0.497959970548748,0.558313227778432
"LADE","LADE_202_5","slope",73.1666315203909,11.3199208980982,51.0172731129349,95.3900467026239
"LADE","LADE_202_5","p50",-4.065860700162,0.0524214480689144,-4.16820420389181,-3.96374004504406
"LADE","LADE_202_5","p12",-3.38507557882738,0.132486858465498,-3.58505600972869,-3.06694902974932
"LADE","LADE_202_5","p88",-4.74664582149663,0.123730062438399,-5.04685972372107,-4.56388878910288
"LADE","LADE_256_1","Kmax",0.457994992685417,0.00585216908887354,0.446551492825857,0.469452789870248
"LADE","LADE_256_1","slope",97.1944001536194,5.94380406202215,85.5745202797545,108.844245288596
"LADE","LADE_256_1","p50",-3.54535668643057,0.018631541539842,-3.58186923341834,-3.508878208058
"LADE","LADE_256_1","p12",-3.03287084322842,0.0411114448251292,-3.10729462997224,-2.94555523007358
"LADE","LADE_256_1","p88",-4.05784252963273,0.0320829943836414,-4.12632402479552,-4.00050398431905
"LADE","LADE_256_2","Kmax",0.445068477467189,0.00840130900856413,0.428584473275173,0.461514732197029
"LADE","LADE_256_2","slope",121.245466201844,11.3024786029532,99.2227823366006,143.618058465675
"LADE","LADE_256_2","p50",-3.32221177831745,0.0238094354803377,-3.36909907950907,-3.27543576229305
"LADE","LADE_256_2","p12",-2.91138607342609,0.049515055561053,-2.99706294113915,-2.80272914977764
"LADE","LADE_256_2","p88",-3.73303748320882,0.04259206785293,-3.8271559740878,-3.65972223879787
"LADE","LADE_256_4","Kmax",0.651977901368371,0.0104743759402632,0.631453011165711,0.672430311459298
"LADE","LADE_256_4","slope",79.2626039999574,7.45159614915959,64.7168485954437,93.8851803149269
"LADE","LADE_256_4","p50",-4.32025224592975,0.0359880501845944,-4.39099431303607,-4.24980712649784
"LADE","LADE_256_4","p12",-3.6918253257483,0.0715134469072621,-3.81374750645128,-3.53357666330304
"LADE","LADE_256_4","p88",-4.94867916611121,0.0706609327403309,-5.10439637307005,-4.82773433100681
"LADE","LADE_317_1","Kmax",0.735062267402012,0.00575655241805782,0.723760386180205,0.74633987242108
"LADE","LADE_317_1","slope",111.463083959606,4.81348354245514,102.052595081802,120.914547139888
"LADE","LADE_317_1","p50",-3.70014631060022,0.0107913001704663,-3.72122000948926,-3.67900310217419
"LADE","LADE_317_1","p12",-3.2532651339112,0.023768917414677,-3.29684341745951,-3.20399616560006
"LADE","LADE_317_1","p88",-4.14702748728923,0.0205805296155748,-4.189799375814,-4.10911526836216
"LADE","LADE_317_3","Kmax",0.484092408987455,0.00941747955236672,0.465558295116961,0.502622494097777
"LADE","LADE_317_3","slope",54.1888136448806,4.12127096063753,46.0925737204383,62.2490040543735
"LADE","LADE_317_3","p50",-4.06794791606983,0.040525116398724,-4.14796239767256,-3.98845175150385
"LADE","LADE_317_3","p12",-3.1487405969415,0.0918989459456803,-3.31152196776624,-2.95111603977413
"LADE","LADE_317_3","p88",-4.98715523519815,0.0712346949975586,-5.14294585128214,-4.86400569144015
"LADE","LADE_317_4","Kmax",0.564205028413218,0.0128369312066409,0.538883939656007,0.589245830663225
"LADE","LADE_317_4","slope",67.5085038753525,6.08181892125712,55.6281278802886,79.4064657074232
"LADE","LADE_317_4","p50",-3.68491533269011,0.0395236630290621,-3.76215835702302,-3.60760432561163
"LADE","LADE_317_4","p12",-2.94707119072504,0.0880445264565005,-3.09975259157907,-2.7541736392159
"LADE","LADE_317_4","p88",-4.42275947465519,0.0694728049251134,-4.57746719895036,-4.30553689009572
"LADE","LADE_317_5","Kmax",0.568755664580992,0.0350368147960922,0.499889188405161,0.637038952226495
"LADE","LADE_317_5","slope",42.9994814655973,6.7209980990326,29.7206924241684,56.1363236919963
"LADE","LADE_317_5","p50",-3.07876132280743,0.119971982553962,-3.31482757612882,-2.84315366927327
"LADE","LADE_317_5","p12",-1.92035772305455,0.293395407026416,-2.38259075937679,-1.22953969655218
"LADE","LADE_317_5","p88",-4.23716492256031,0.158764947917374,-4.63853562533685,-4.01567366411289
"LADE","LADE_61_1","Kmax",0.206515894321465,0.00559484187220437,0.19560549151773,0.217545779770283
"LADE","LADE_61_1","slope",36.0913234530059,2.51354366138107,31.1958151335822,41.02866018931
"LADE","LADE_61_1","p50",-3.74388971562897,0.0626803321541668,-3.86636208679122,-3.62074945153297
"LADE","LADE_61_1","p12",-2.3637587214826,0.141499752805519,-2.61614379975166,-2.0624853451797
"LADE","LADE_61_1","p88",-5.12402070977534,0.0839855790632278,-5.30631885410122,-4.97691653527852
"LADE","LADE_61_2","Kmax",0.601513756756415,0.0228513483365889,0.556692588824131,0.64627913052899
"LADE","LADE_61_2","slope",117.013516770014,30.9070414202176,56.4892148982315,177.688388740318
"LADE","LADE_61_2","p50",-3.90847984786637,0.0562961896080256,-4.01906360792157,-3.79853661509874
"LADE","LADE_61_2","p12",-3.48279608506522,0.955149712350941,-3.70754611507908,-2.96831941918067
"LADE","LADE_61_2","p88",-4.33416361066752,0.946227133608344,-4.74471848121962,-4.19400413176289
"LADE","LADE_61_4","Kmax",0.41406364922218,0.00964490650760154,0.395161861586174,0.432949013989186
"LADE","LADE_61_4","slope",116.746724246235,13.7463929928136,89.831678332222,143.76619448292
"LADE","LADE_61_4","p50",-3.70432114422689,0.0286074039698558,-3.76060192559516,-3.6482182099187
"LADE","LADE_61_4","p12",-3.2776645982822,0.0646522830494616,-3.38440308214148,-3.1298666305005
"LADE","LADE_61_4","p88",-4.13097769017157,0.0558772036990282,-4.26026057834792,-4.04065549140003
"LADE","LADE_61_5","Kmax",0.544620944870062,0.00490011545799757,0.534972899461865,0.554174918268575
"LADE","LADE_61_5","slope",119.411046642632,10.6568075849557,98.5403800123787,140.185728404241
"LADE","LADE_61_5","p50",-3.20331504315954,0.0222225146775948,-3.24692394660515,-3.15966767987584
"LADE","LADE_61_5","p12",-2.78617814068914,0.0583347685634617,-2.88793666651706,-2.6589988321811
"LADE","LADE_61_5","p88",-3.62045194562993,0.0234614489159148,-3.67655898169769,-3.58486314390438
"LALA","LALA_136_2","Kmax",0.588471567480906,0.0121335920711894,0.564630886561508,0.612127637901561
"LALA","LALA_136_2","slope",103.839578976172,11.1989997196762,82.0218762236954,125.858613305476
"LALA","LALA_136_2","p50",-3.69612450528793,0.0280006512240362,-3.7505516212104,-3.64146179486602
"LALA","LALA_136_2","p12",-3.21643502071592,0.0640201831900167,-3.32323727006753,-3.07180988089696
"LALA","LALA_136_2","p88",-4.17581398985995,0.0579804877542137,-4.30774761192767,-4.08015641918608
"LALA","LALA_136_3","Kmax",0.616892353358376,0.0163741414983155,0.584860784987365,0.649155151041048
"LALA","LALA_136_3","slope",101.658567487949,12.7426791725036,76.4881312214705,126.622829109061
"LALA","LALA_136_3","p50",-3.68655583125345,0.0359067287869843,-3.75643905393749,-3.61597054371555
"LALA","LALA_136_3","p12",-3.19657495361459,0.0812794982999914,-3.32858812766223,-3.00910496955378
"LALA","LALA_136_3","p88",-4.17653670889232,0.0682020730159567,-4.33581304852419,-4.06799307565802
"LALA","LALA_136_5","Kmax",0.587116671345594,0.0131854459389327,0.56136712535111,0.613068446995778
"LALA","LALA_136_5","slope",102.570604388945,11.6957980579556,79.668404313926,125.560062975876
"LALA","LALA_136_5","p50",-3.57623131279268,0.0310196801767036,-3.63681631374113,-3.51536370341344
"LALA","LALA_136_5","p12",-3.09060724521505,0.0735114372640207,-3.21285412609655,-2.92386766301136
"LALA","LALA_136_5","p88",-4.06185538037031,0.0578163980822306,-4.19564199652992,-3.96825068624481
"LALA","LALA_290_1","Kmax",0.800602527047697,0.0159200540180017,0.769429929008146,0.831664166923901
"LALA","LALA_290_1","slope",159.84331048814,13.4280913826265,133.697605347359,186.051136174631
"LALA","LALA_290_1","p50",-3.23514973486452,0.0146231381319202,-3.26372814829029,-3.20634380941514
"LALA","LALA_290_1","p12",-2.92352734688257,0.0336522998075685,-2.98199001250308,-2.84985418274472
"LALA","LALA_290_1","p88",-3.54677212284648,0.027341856964463,-3.60682659996919,-3.49974324498567
"LALA","LALA_290_2","Kmax",0.617891851154263,0.0106168936107586,0.596977882167209,0.638680498768777
"LALA","LALA_290_2","slope",98.0708468736588,9.24668855069603,79.9924009700572,116.165807562546
"LALA","LALA_290_2","p50",-3.52785331325651,0.0205293987935781,-3.56795567854055,-3.48735190748633
"LALA","LALA_290_2","p12",-3.01994749103571,0.0512855780856041,-3.1053287656667,-2.90350810629467
"LALA","LALA_290_2","p88",-4.0357591354773,0.0560982691247554,-4.16133682416135,-3.94129740335538
"LALA","LALA_290_4","Kmax",0.831757800604775,0.0199077305279749,0.792921803541494,0.87089359876698
"LALA","LALA_290_4","slope",122.118796500651,16.3247484081272,90.0522889797642,153.975475807736
"LALA","LALA_290_4","p50",-3.49006472565935,0.0288275252154649,-3.54652885631441,-3.43347478798758
"LALA","LALA_290_4","p12",-3.08217703314521,0.0730764966228277,-3.19830713544819,-2.91203716487311
"LALA","LALA_290_4","p88",-3.8979524181735,0.0572103473769303,-4.03495575301814,-3.81011062406566
"LALA","LALA_290_5","Kmax",0.97946665357908,0.0294215576034071,0.921964369789164,1.03786688559323
"LALA","LALA_290_5","slope",77.7935128335484,9.73595515363185,58.6091392933943,96.86508502437
"LALA","LALA_290_5","p50",-3.48708799963424,0.0456355455785056,-3.57639219773438,-3.39688730200068
"LALA","LALA_290_5","p12",-2.84679355472553,0.104048500861746,-3.01503748987568,-2.60625760691528
"LALA","LALA_290_5","p88",-4.12738244454294,0.0899531984875256,-4.33692675220337,-3.98411554139145
"LALA","LALA_392_1","Kmax",0.315795622577288,0.0134250077937172,0.28958867017392,0.342172364050624
"LALA","LALA_392_1","slope",44.3167334585347,6.87515553103537,30.9210640111935,57.7386648738474
"LALA","LALA_392_1","p50",-3.99268396350369,0.0970775249478877,-4.18294530993817,-3.80085511766358
"LALA","LALA_392_1","p12",-2.86871226635997,0.239749276342939,-3.23433431869882,-2.30197692082633
"LALA","LALA_392_1","p88",-5.11665566064741,0.192423219663119,-5.58349228880545,-4.83223486495946
"LALA","LALA_392_2","Kmax",1.04735560792357,0.0406267692396853,0.967797570764396,1.12702410282357
"LALA","LALA_392_2","slope",83.9900808355012,17.0242270870326,50.585091568882,117.295175486761
"LALA","LALA_392_2","p50",-3.83714461919562,0.0688221553366368,-3.97285354130823,-3.70305214465648
"LALA","LALA_392_2","p12",-3.2440894200369,0.188031545054158,-3.50430349128414,-2.780597695042
"LALA","LALA_392_2","p88",-4.43019981835434,0.137717811772337,-4.78320445435566,-4.25976307910695
"LALA","LALA_392_3","Kmax",0.275314866790388,0.0114746423365768,0.252809703464232,0.297835321248049
"LALA","LALA_392_3","slope",108.446847914012,24.3674300393097,60.5682845635769,156.015356350768
"LALA","LALA_392_3","p50",-3.58403346303542,0.0593224599509632,-3.70003472356428,-3.46731174377744
"LALA","LALA_392_3","p12",-3.12472316425431,0.183629702529592,-3.31496783483157,-2.74478833543686
"LALA","LALA_392_3","p88",-4.04334376181654,0.180291714759494,-4.41400388489337,-3.86061020962676
"LALA","LALA_392_4","Kmax",0.467875002422784,0.00489216654713715,0.458272335066281,0.477425317121056
"LALA","LALA_392_4","slope",160.523582759982,9.77234342473472,141.472543578239,179.726370718157
"LALA","LALA_392_4","p50",-3.23833895494016,0.0109407992532122,-3.2597728589684,-3.21691052329018
"LALA","LALA_392_4","p12",-2.92803717086066,0.0231919925801212,-2.96970236145656,-2.87872522456357
"LALA","LALA_392_4","p88",-3.54864073901966,0.0209154816119025,-3.59313666181684,-3.51115759101626
"LALA","LALA_392_5","Kmax",0.428981008168816,0.0162827273109686,0.397123128423282,0.460874023974755
"LALA","LALA_392_5","slope",112.47030968536,25.7773588954773,61.8082899803777,163.163538912429
"LALA","LALA_392_5","p50",-3.61845658786496,0.0433946042827061,-3.70336465405094,-3.53297053112
"LALA","LALA_392_5","p12",-3.17557744708013,0.219557445114093,-3.33714877914268,-2.80984512421535
"LALA","LALA_392_5","p88",-4.06133572864978,0.221409024995847,-4.43533570100449,-3.8929865015908
"LALA","LALA_59_1","Kmax",0.300365485333138,0.00809301494208696,0.284473223587483,0.316208450991194
"LALA","LALA_59_1","slope",76.0943216278235,10.7415908052316,55.0743807482522,97.2288422190151
"LALA","LALA_59_1","p50",-4.08820667567098,0.0513173459019158,-4.18939506963438,-3.9879079992936
"LALA","LALA_59_1","p12",-3.43361441370327,0.117941380396468,-3.6187210608,-3.1572964668125
"LALA","LALA_59_1","p88",-4.74279893763869,0.108158915407346,-4.99958878837019,-4.57525783012982
"LALA","LALA_59_2","Kmax",0.498832559468284,0.0061888233663431,0.486665162385417,0.51096337958144
"LALA","LALA_59_2","slope",95.817054422127,5.32912942681654,85.3698779615809,106.247917164523
"LALA","LALA_59_2","p50",-3.46445581767168,0.0179578104124201,-3.49969493359022,-3.42912983789115
"LALA","LALA_59_2","p12",-2.94460312111715,0.0381248163332595,-3.01382705173314,-2.86430602168151
"LALA","LALA_59_2","p88",-3.98430851422621,0.0301221972205904,-4.04803902317599,-3.92977403774404
"LALA","LALA_59_3","Kmax",0.644747515696738,0.0171980476426151,0.610999174470573,0.678286773727363
"LALA","LALA_59_3","slope",47.6589707287354,4.36973826620551,39.151274421784,56.2267907760848
"LALA","LALA_59_3","p50",-3.77880986159247,0.054381950498431,-3.8854716348694,-3.67224710102332
"LALA","LALA_59_3","p12",-2.73366026319331,0.12851039020569,-2.95439810238833,-2.45115220497051
"LALA","LALA_59_3","p88",-4.82395945999163,0.0954930608560444,-5.03856636639844,-4.66286544583074
"LALA","LALA_59_4","Kmax",0.41985265253684,0.0134816281806259,0.393264561012396,0.446336325870278
"LALA","LALA_59_4","slope",94.3712843382069,15.0522488877999,65.2308971801702,124.08862213796
"LALA","LALA_59_4","p50",-3.63191447727204,0.0482406950888409,-3.72640809996308,-3.5370294761643
"LALA","LALA_59_4","p12",-3.10409762634582,0.116837275945067,-3.28270255870782,-2.8289607885196
"LALA","LALA_59_4","p88",-4.15973132819826,0.0939694067094863,-4.38675752983486,-4.02119169031887
"LALA","LALA_59_5","Kmax",0.399764848559277,0.0058764517841425,0.388236370012325,0.411302418591013
"LALA","LALA_59_5","slope",82.2173803329546,6.17217807670828,70.119502754255,94.3491321858989
"LALA","LALA_59_5","p50",-3.9649475167874,0.024500790607305,-4.01342084524597,-3.91700878939095
"LALA","LALA_59_5","p12",-3.35910537105694,0.0565952897784927,-3.45896663955226,-3.23633696449049
"LALA","LALA_59_5","p88",-4.57078966251787,0.0482797407143301,-4.67696242566245,-4.48699942703461
"PIAB","PIAB_128_1","Kmax",0.290328449356638,0.00652638197736837,0.277644998368355,0.303213752103946
"PIAB","PIAB_128_1","slope",56.7810896470884,5.30355178697327,46.4190028508811,67.1465953718875
"PIAB","PIAB_128_1","p50",-4.04915361473299,0.0484020459475454,-4.14449344721192,-3.95460430792977
"PIAB","PIAB_128_1","p12",-3.17191165923611,0.109270913491776,-3.35910245521769,-2.93170260514318
"PIAB","PIAB_128_1","p88",-4.92639557022986,0.0845718315446955,-5.11526815981453,-4.78397951648747
"PIAB","PIAB_128_2","Kmax",0.221764494353155,0.00958447847994646,0.202881692193791,0.240447267574594
"PIAB","PIAB_128_2","slope",72.0258161096924,12.5808742693232,47.3253945968988,96.8314733744455
"PIAB","PIAB_128_2","p50",-3.71236089151666,0.0701680867454974,-3.85042229880784,-3.57538172124475
"PIAB","PIAB_128_2","p12",-3.0207928287349,0.174115070369467,-3.28066424391697,-2.59915281829824
"PIAB","PIAB_128_2","p88",-4.40392895429841,0.135869193321171,-4.74166610163997,-4.2125776325109
"PIAB","PIAB_128_3","Kmax",0.319219526734833,0.00687420421356392,0.305790644197454,0.332706275404077
"PIAB","PIAB_128_3","slope",60.0935122908774,5.41640420337161,49.5581528032243,70.7163781074422
"PIAB","PIAB_128_3","p50",-3.72010143239414,0.0386053088083152,-3.79592628097922,-3.64474794623754
"PIAB","PIAB_128_3","p12",-2.89121404974041,0.0944597759440764,-3.05286662886193,-2.68458947622266
"PIAB","PIAB_128_3","p88",-4.54898881504787,0.0771381934657286,-4.7215638951337,-4.4192322104195
"PIAB","PIAB_128_4","Kmax",0.344103945694826,0.00552874046313011,0.33328689122617,0.354951343683497
"PIAB","PIAB_128_4","slope",69.3618743029092,6.05198710392425,57.5656881636803,81.2752573853342
"PIAB","PIAB_128_4","p50",-3.45892050440005,0.0328140612704911,-3.52359754024026,-3.3947777249468
"PIAB","PIAB_128_4","p12",-2.74079178285301,0.0841183449760814,-2.88618727764734,-2.55623612905616
"PIAB","PIAB_128_4","p88",-4.1770492259471,0.0586139745618308,-4.30880142883359,-4.07922852272485
"PIAB","PIAB_128_5","Kmax",0.266040165592394,0.00924132400082268,0.247892579837474,0.2841852630018
"PIAB","PIAB_128_5","slope",54.5541312451342,8.0391608869011,38.6954113072543,70.2108201961644
"PIAB","PIAB_128_5","p50",-4.21256349980216,0.0813316890189902,-4.37133664879518,-4.05316300104988
"PIAB","PIAB_128_5","p12",-3.29951158273588,0.178532363829587,-3.57725925023506,-2.87716192861631
"PIAB","PIAB_128_5","p88",-5.12561541686844,0.160987308817224,-5.51018936889948,-4.87841230312824
"PIAB","PIAB_212_1","Kmax",0.438913123354588,0.0133780480323319,0.412646235246282,0.465046990311621
"PIAB","PIAB_212_1","slope",56.4413652091716,7.60819786282845,41.4531393769147,71.3167206202786
"PIAB","PIAB_212_1","p50",-3.88778588783004,0.061296584208426,-4.0076265301247,-3.76758014835942
"PIAB","PIAB_212_1","p12",-3.0052637529976,0.152297774045624,-3.24520781745093,-2.64603646030973
"PIAB","PIAB_212_1","p88",-4.77030802266247,0.132925277599914,-5.08501814635065,-4.56634195102494
"PIAB","PIAB_212_3","Kmax",0.223888026999345,0.00873669348543082,0.206757374137405,0.241087976809262
"PIAB","PIAB_212_3","slope",54.8036639476796,9.39874215753209,36.3990609230027,73.2431322952599
"PIAB","PIAB_212_3","p50",-4.21676799579787,0.0822216364294081,-4.37864214849007,-4.05626385424526
"PIAB","PIAB_212_3","p12",-3.3078733977139,0.205239200176902,-3.60686935127197,-2.80739931570661
"PIAB","PIAB_212_3","p88",-5.12566259388184,0.188721554410119,-5.59372745383726,-4.8570833222862
"PIAB","PIAB_212_4","Kmax",0.293156171143342,0.00961841096785679,0.274320911289461,0.311965372630755
"PIAB","PIAB_212_4","slope",57.4908260946896,8.08260400585556,41.6776539892074,73.2511344884475
"PIAB","PIAB_212_4","p50",-3.77806671043682,0.061383651124513,-3.89850130887711,-3.65768669875561
"PIAB","PIAB_212_4","p12",-2.91165449302991,0.155807131506286,-3.15387040020727,-2.54421641913595
"PIAB","PIAB_212_4","p88",-4.64447892784373,0.136680918151685,-4.97169773128048,-4.43631162170861
"PIAB","PIAB_212_5","Kmax",0.311398005686663,0.005829037950739,0.299997873884199,0.322831033242775
"PIAB","PIAB_212_5","slope",57.6558640673251,4.35793497997089,49.0918699644145,66.2199870153663
"PIAB","PIAB_212_5","p50",-4.01045336058858,0.0379708786024659,-4.08507598895441,-3.93595663706162
"PIAB","PIAB_212_5","p12",-3.14652121902721,0.0798548186603616,-3.28724179401913,-2.97354518035533
"PIAB","PIAB_212_5","p88",-4.87438550214994,0.0737901733829129,-5.03503999915976,-4.74522042897668
"PIAB","PIAB_323_1","Kmax",0.45703351761167,0.0131343242644145,0.431227214247168,0.482704266049907
"PIAB","PIAB_323_1","slope",58.8606259835498,7.28186264929615,44.6765034576692,73.1518652249303
"PIAB","PIAB_323_1","p50",-4.02825788254041,0.057598900294228,-4.14164135950952,-3.91541246748196
"PIAB","PIAB_323_1","p12",-3.18200874256055,0.133415368339877,-3.39971689635177,-2.87717295303103
"PIAB","PIAB_323_1","p88",-4.87450702252027,0.117335284927707,-5.1483216233875,-4.68824549571668
"PIAB","PIAB_323_2","Kmax",0.368078711492343,0.00632838333353793,0.35563138751574,0.380464656728978
"PIAB","PIAB_323_2","slope",54.8482652571866,4.55849111819145,45.8691061223739,63.8256160603801
"PIAB","PIAB_323_2","p50",-4.00838078378755,0.0420897750596883,-4.09146773336905,-3.92601418133982
"PIAB","PIAB_323_2","p12",-3.10022527725166,0.0935645280128677,-3.26240083262305,-2.89601330997779
"PIAB","PIAB_323_2","p88",-4.91653629032344,0.0828565342925602,-5.09962464896477,-4.77437595883708
"PIAB","PIAB_323_3","Kmax",0.313699085836287,0.00902220032049767,0.295991338084977,0.331394361732434
"PIAB","PIAB_323_3","slope",71.6957847843112,10.6400811443591,50.8335453488105,92.499464015073
"PIAB","PIAB_323_3","p50",-3.73412438554341,0.0543287569149399,-3.84062603418255,-3.62740405571714
"PIAB","PIAB_323_3","p12",-3.03937288422286,0.138111594306343,-3.25324683431802,-2.71178390034603
"PIAB","PIAB_323_3","p88",-4.42887588686396,0.112776692267295,-4.70286644273686,-4.26163335839189
"PIAB","PIAB_323_4","Kmax",0.440147922640525,0.0100926388649738,0.420302314922611,0.460034838106128
"PIAB","PIAB_323_4","slope",74.4792720358596,10.0047759926047,54.8849977913698,94.0716904550541
"PIAB","PIAB_323_4","p50",-3.54988328759974,0.0438142711760869,-3.63611288928259,-3.46394124247948
"PIAB","PIAB_323_4","p12",-2.88109648617568,0.115559537597593,-3.06282932863372,-2.6105793133938
"PIAB","PIAB_323_4","p88",-4.2186700890238,0.0969253074416674,-4.45212506771738,-4.07157362466381
"PIAB","PIAB_323_5","Kmax",0.274499026003355,0.0119342248772355,0.251075982375054,0.29783416199766
"PIAB","PIAB_323_5","slope",177.997508426936,85.2205490143821,10.3753866988031,344.671437323865
"PIAB","PIAB_323_5","p50",-3.68022647220409,0.0775102655626952,-3.83259094195728,-3.52829460432159
"PIAB","PIAB_323_5","p12",-3.40038685783274,24.2737641618644,-3.70710872210302,-2.01464060524147
"PIAB","PIAB_323_5","p88",-3.96006608657544,24.2730008189433,-5.21085749755052,-3.7660101605887
"PIAB","PIAB_69_1","Kmax",0.429609821313807,0.010549771167843,0.408819110746329,0.450334538452776
"PIAB","PIAB_69_1","slope",145.152249838354,22.9992259784661,100.032630346421,190.236605614179
"PIAB","PIAB_69_1","p50",-3.33492875510531,0.0303195100650825,-3.39435271926845,-3.27540845762618
"PIAB","PIAB_69_1","p12",-2.99176663276325,0.07187289950216,-3.10095310464943,-2.81950100147886
"PIAB","PIAB_69_1","p88",-3.67809087744738,0.0641702582524561,-3.83413315307698,-3.58307540012928
"PIAB","PIAB_69_2","Kmax",0.25101789379811,0.00524779010292237,0.240728725078138,0.261254469077944
"PIAB","PIAB_69_2","slope",26.9112725774595,2.10450245085476,22.8030658008358,31.0462601280099
"PIAB","PIAB_69_2","p50",-5.02845632788871,0.0668306793388191,-5.15970763556421,-4.89739024053866
"PIAB","PIAB_69_2","p12",-3.17753107067973,0.169384662593094,-3.47129485341349,-2.80925820600386
"PIAB","PIAB_69_2","p88",-6.8793815850977,0.155779460764985,-7.22340602203012,-6.6113719384541
"PIPU","PIPU_114_1","Kmax",0.440452255523204,0.00896450918547987,0.42285795135598,0.458012629735238
"PIPU","PIPU_114_1","slope",37.1806668334916,2.18945456090259,32.8976175129399,41.4867577434212
"PIPU","PIPU_114_1","p50",-4.31367241331913,0.0487569145462751,-4.40900246911831,-4.21873507327019
"PIPU","PIPU_114_1","p12",-2.97397739546683,0.110891587950603,-3.17713539459241,-2.74065227773568
"PIPU","PIPU_114_1","p88",-5.65336743117144,0.0722915800427675,-5.80820927318157,-5.52430158560218
"PIPU","PIPU_114_2","Kmax",0.317698769400576,0.00852718537906835,0.300978451817636,0.334375537493136
"PIPU","PIPU_114_2","slope",56.6750756408282,6.03100581612878,44.8153666315709,68.4382924422715
"PIPU","PIPU_114_2","p50",-4.07079651710568,0.0551228676975706,-4.17921293558548,-3.96306402576066
"PIPU","PIPU_114_2","p12",-3.19191362980395,0.125544472357447,-3.40322895564028,-2.90971149974236
"PIPU","PIPU_114_2","p88",-4.94967940440741,0.0978304500981275,-5.17254703574949,-4.78802778245589
"PIPU","PIPU_114_3","Kmax",0.456702222978465,0.00904981142080263,0.438986522217769,0.474456791577318
"PIPU","PIPU_114_3","slope",76.1212194633635,7.03565151552698,62.2471817344245,89.9578504967206
"PIPU","PIPU_114_3","p50",-3.82821933223356,0.0335723406354432,-3.89425513225906,-3.76262485347046
"PIPU","PIPU_114_3","p12",-3.17385837390409,0.0778560318158604,-3.30731432427706,-3.0013181832618
"PIPU","PIPU_114_3","p88",-4.48258029056304,0.0636962617944329,-4.62493674889649,-4.37533824642636
"PIPU","PIPU_114_4","Kmax",0.214884878683817,0.00455443593883668,0.205972703334922,0.223764968552051
"PIPU","PIPU_114_4","slope",63.4342144630332,4.89520071332612,53.8824189480738,73.0297279951703
"PIPU","PIPU_114_4","p50",-4.16844566360956,0.0361667358292494,-4.23898882497892,-4.09748988342865
"PIPU","PIPU_114_4","p12",-3.38321084137837,0.0797963396642401,-3.52513577318203,-3.21127618286676
"PIPU","PIPU_114_4","p88",-4.95368048584076,0.0628901121508127,-5.09105618616542,-4.84460809907585
"PIPU","PIPU_114_5","Kmax",0.332757938065039,0.0111703096683563,0.310899326350227,0.354697737957047
"PIPU","PIPU_114_5","slope",66.9817253288928,10.0615002220222,47.1548222749487,86.6995590904806
"PIPU","PIPU_114_5","p50",-3.92263679113906,0.0611707541950507,-4.04155777996434,-3.8025035874507
"PIPU","PIPU_114_5","p12",-3.17898986546381,0.150882768306019,-3.41123328867949,-2.81959946568497
"PIPU","PIPU_114_5","p88",-4.66628371681431,0.123707482817573,-4.96857580705338,-4.48199813914143
"PIPU","PIPU_2_1","Kmax",0.243003607706714,0.0077911000018432,0.227747441357221,0.258311452450315
"PIPU","PIPU_2_1","slope",75.7040514574408,10.4233549413984,55.3658110019334,96.1801470640358
"PIPU","PIPU_2_1","p50",-3.57407288442137,0.0499109380614286,-3.67185861653175,-3.47668660119212
"PIPU","PIPU_2_1","p12",-2.9161060628536,0.126509620749213,-3.11870585049911,-2.62309328562608
"PIPU","PIPU_2_1","p88",-4.23203970598914,0.0914915977024403,-4.45121416402883,-4.0932702243575
"PIPU","PIPU_2_2","Kmax",0.25677016564563,0.00766648170914862,0.241682507787506,0.271778956908449
"PIPU","PIPU_2_2","slope",46.2485078053084,4.97954065311191,36.4717775617394,55.9730747265519
"PIPU","PIPU_2_2","p50",-4.39112795409674,0.065655244869498,-4.52000810977118,-4.26262881295812
"PIPU","PIPU_2_2","p12",-3.3141039271391,0.153494460347826,-3.57047767684779,-2.96856599067616
"PIPU","PIPU_2_2","p88",-5.46815198105439,0.121627087071458,-5.74637144072082,-5.26967292994846
"PIPU","PIPU_2_3","Kmax",0.328853495528273,0.00775438777258478,0.313617201440422,0.344027846344387
"PIPU","PIPU_2_3","slope",42.9357624367431,3.70588206612973,35.7154210399048,50.2019011608985
"PIPU","PIPU_2_3","p50",-4.54142257931377,0.0589295882029384,-4.6558791709802,-4.42569594528674
"PIPU","PIPU_2_3","p12",-3.38129984501643,0.132165314942003,-3.61094980052218,-3.09387391955373
"PIPU","PIPU_2_3","p88",-5.7015453136111,0.103981972031766,-5.93135595428352,-5.52470901759046
"PIPU","PIPU_2_4","Kmax",0.366731960650804,0.0147887996647493,0.337560993231173,0.395592523379506
"PIPU","PIPU_2_4","slope",72.0574784997035,12.4094541505188,47.7531244239188,96.3675137393934
"PIPU","PIPU_2_4","p50",-3.92251793915527,0.0671952488085952,-4.05445805407446,-3.79017255614378
"PIPU","PIPU_2_4","p12",-3.23125375458544,0.165804667896628,-3.47568288262529,-2.82933583958443
"PIPU","PIPU_2_4","p88",-4.61378212372509,0.138601351461491,-4.95564754412815,-4.41620138700699
"PIPU","PIPU_2_5","Kmax",0.320136438554509,0.0103063985636575,0.299839482752485,0.340281947683441
"PIPU","PIPU_2_5","slope",78.7104762196083,11.499875766597,56.1966034030939,101.325009441607
"PIPU","PIPU_2_5","p50",-3.64339630199267,0.0486755916531881,-3.73803882120145,-3.54822722521953
"PIPU","PIPU_2_5","p12",-3.01056117623026,0.114934556212928,-3.1874297167866,-2.73645029513707
"PIPU","PIPU_2_5","p88",-4.27623142775508,0.110673343607036,-4.54109005945644,-4.10723681288333
"PIPU","PIPU_241_1","Kmax",0.293425252583163,0.00584333321089238,0.281851978554793,0.304804497034209
"PIPU","PIPU_241_1","slope",49.2232645459469,4.04263677649531,41.2684576231048,57.1199524598845
"PIPU","PIPU_241_1","p50",-3.82886559341005,0.0438796021109499,-3.91527803171718,-3.74349242514246
"PIPU","PIPU_241_1","p12",-2.81693039210376,0.104405322697823,-2.99897609214182,-2.58851766837802
"PIPU","PIPU_241_1","p88",-4.84080079471633,0.0870901564923412,-5.03345822275025,-4.69194566742042
"PIPU","PIPU_241_2","Kmax",0.377724472596824,0.00663607192673185,0.364728547552119,0.390723165454391
"PIPU","PIPU_241_2","slope",45.7109200460715,3.32330363074659,39.2000794494419,52.2244147908645
"PIPU","PIPU_241_2","p50",-3.96699114100007,0.0407793098748672,-4.04710195705359,-3.88738488351862
"PIPU","PIPU_241_2","p12",-2.8773006673222,0.0995353211074606,-3.05250225639274,-2.66284037413737
"PIPU","PIPU_241_2","p88",-5.05668161467795,0.0809458598126637,-5.23460728003718,-4.91774709208578
"PIPU","PIPU_241_4","Kmax",0.225739016856524,0.00521310260604852,0.21551603551281,0.235970852774341
"PIPU","PIPU_241_4","slope",37.1135477450363,2.14485086748094,32.9049394652929,41.293964367116
"PIPU","PIPU_241_4","p50",-3.44479217151446,0.048105739435442,-3.53901494812412,-3.35052270318191
"PIPU","PIPU_241_4","p12",-2.10267434275159,0.113317574992392,-2.30831849481228,-1.86485562170041
"PIPU","PIPU_241_4","p88",-4.78691000027733,0.0644725092687419,-4.92563875965685,-4.6731089246275
"PIPU","PIPU_241_5","Kmax",0.262948744491369,0.00504617530496134,0.253071664062281,0.272849183998651
"PIPU","PIPU_241_5","slope",76.9528726289324,8.58823169448132,60.1659550055698,93.7550734442798
"PIPU","PIPU_241_5","p50",-4.30803281391665,0.0389501310410364,-4.38410121775393,-4.23144616383081
"PIPU","PIPU_241_5","p12",-3.66074373404768,0.092947022285939,-3.81447131035187,-3.45104458469486
"PIPU","PIPU_241_5","p88",-4.95532189378561,0.0775628589263364,-5.13389643167127,-4.83066836664141
"PIPU","PIPU_373_1","Kmax",0.323842347236366,0.00300363351467062,0.31798559147953,0.329755386543207
"PIPU","PIPU_373_1","slope",87.3111451086964,4.58042530058593,78.3258794878463,96.2630331351088
"PIPU","PIPU_373_1","p50",-4.00602573860261,0.0157227880410776,-4.03695160190564,-3.97523292654904
"PIPU","PIPU_373_1","p12",-3.43552864965429,0.0377236086101556,-3.50377725048953,-3.35605592529506
"PIPU","PIPU_373_1","p88",-4.57652282755092,0.0301651275663411,-4.64077091636765,-4.5224260731494
"PIPU","PIPU_373_2","Kmax",0.361279865601588,0.0111409349433243,0.339368502667491,0.383074626162551
"PIPU","PIPU_373_2","slope",63.0016444911342,6.78233902665922,49.6822391754921,76.3081201812318
"PIPU","PIPU_373_2","p50",-4.33171300762342,0.0471283374332808,-4.4244941826236,-4.23934683766462
"PIPU","PIPU_373_2","p12",-3.5410867546172,0.114364922209909,-3.73299354831624,-3.28434290785879
"PIPU","PIPU_373_2","p88",-5.12233926062963,0.0854555568304932,-5.32001367394529,-4.98367960775407
"PIPU","PIPU_373_3","Kmax",0.15477042202432,0.00434855329531505,0.146238760689756,0.16329182805071
"PIPU","PIPU_373_3","slope",34.5100828265895,2.89078532591309,28.8341228421946,40.1492221419306
"PIPU","PIPU_373_3","p50",-4.73254809905402,0.0714212919196361,-4.87219182273039,-4.59355267508554
"PIPU","PIPU_373_3","p12",-3.28917995741407,0.167329970729705,-3.58140288262,-2.92620993172251
"PIPU","PIPU_373_3","p88",-6.17591624069396,0.11477970243986,-6.43137017687024,-5.98060727950397
"PIPU","PIPU_373_4","Kmax",0.513714110654337,0.00905020776687323,0.495993212194547,0.531494334774761
"PIPU","PIPU_373_4","slope",67.2706824142577,5.41235612223794,56.6591288416045,77.9027157014308
"PIPU","PIPU_373_4","p50",-4.23164882246867,0.027891762789636,-4.28621499094975,-4.17666988784126
"PIPU","PIPU_373_4","p12",-3.49119618649693,0.0656758139560161,-3.60424246930013,-3.34616364522298
"PIPU","PIPU_373_4","p88",-4.97210145844041,0.0686943072835862,-5.12253885783851,-4.85305889142772
"PIPU","PIPU_373_5","Kmax",0.259806758145544,0.0095452603726683,0.241105158057289,0.27839575626028
"PIPU","PIPU_373_5","slope",71.463342377422,9.8162891756351,52.3674842259978,90.7397021979339
"PIPU","PIPU_373_5","p50",-3.97836041495061,0.057193884707345,-4.09023233336528,-3.86594879896666
"PIPU","PIPU_373_5","p12",-3.28134915770788,0.130061022828446,-3.49081043109773,-2.97999696710788
"PIPU","PIPU_373_5","p88",-4.67537167219335,0.105575655477554,-4.92454483877675,-4.51083180197327
"PIST","PIST_126_1","Kmax",0.496515763015012,0.0146665214430101,0.467729050112803,0.525335459432953
"PIST","PIST_126_1","slope",200.213393569544,32.0888377334515,137.466028307227,263.098879207806
"PIST","PIST_126_1","p50",-2.94618734025059,0.0233726158726807,-2.99197616297886,-2.9001048752189
"PIST","PIST_126_1","p12",-2.69739901880419,0.0540620166193169,-2.77953128411801,-2.56844275890099
"PIST","PIST_126_1","p88",-3.194975661697,0.0467974449645761,-3.30820293082154,-3.12512093500336
"PIST","PIST_126_2","Kmax",0.686432021833374,0.0135107502262315,0.660012322416564,0.713247600326345
"PIST","PIST_126_2","slope",153.309260843227,14.5843408049545,124.833660970192,182.016893696639
"PIST","PIST_126_2","p50",-2.8614676201687,0.0179391110487373,-2.89644018090429,-2.82623410224359
"PIST","PIST_126_2","p12",-2.53656386782336,0.0415366037624074,-2.60775729873784,-2.44435746079527
"PIST","PIST_126_2","p88",-3.18637137251404,0.0311899089575299,-3.25715632525673,-3.13395171340419
"PIST","PIST_126_3","Kmax",0.720225701968004,0.0220057821049023,0.677002867291423,0.763208821346175
"PIST","PIST_126_3","slope",152.921502693013,21.472987490015,110.764853617789,195.060666228334
"PIST","PIST_126_3","p50",-2.99718810188676,0.0242224692024304,-3.04469851610728,-2.94984682296578
"PIST","PIST_126_3","p12",-2.67146050151621,0.056940196914578,-2.75957562090668,-2.53694180976656
"PIST","PIST_126_3","p88",-3.32291570225732,0.0539580243597983,-3.4514622872356,-3.23921565023613
"PIST","PIST_126_4","Kmax",0.444075638038093,0.0135819835933858,0.417311096519564,0.470604581804206
"PIST","PIST_126_4","slope",181.806549566864,27.5399483755764,127.745797242491,235.771242781028
"PIST","PIST_126_4","p50",-3.02286723401263,0.0209360075099385,-3.06395323799311,-2.98212232147359
"PIST","PIST_126_4","p12",-2.7488905580572,0.0520315912152415,-2.82749986592078,-2.62391346492782
"PIST","PIST_126_4","p88",-3.29684390996806,0.0491093381419071,-3.41535128083946,-3.22366300410781
"PIST","PIST_126_5","Kmax",0.685988421562645,0.0161853859678176,0.654220024303993,0.717758849523927
"PIST","PIST_126_5","slope",133.071789221729,13.7949488588712,106.151087931421,160.128956405226
"PIST","PIST_126_5","p50",-2.85224609522453,0.0189557200516382,-2.88940734278212,-2.81524157732661
"PIST","PIST_126_5","p12",-2.47793119040079,0.0484992907025322,-2.55897783399202,-2.36863801611191
"PIST","PIST_126_5","p88",-3.22656100004826,0.0407488880009065,-3.31965244005616,-3.1602631961625
"PIST","PIST_299_1","Kmax",0.312104045117931,0.00533557506471758,0.301678207207518,0.322602837917346
"PIST","PIST_299_1","slope",106.397943864157,13.3743278152822,80.0775785911078,132.513581985631
"PIST","PIST_299_1","p50",-3.1785424210458,0.0409827291883322,-3.25859644583574,-3.09770165842002
"PIST","PIST_299_1","p12",-2.71038718882767,0.100626174698093,-2.87716485793783,-2.48242450911389
"PIST","PIST_299_1","p88",-3.64669765326392,0.0347546570167124,-3.73675395108233,-3.60003011747354
"PIST","PIST_299_2","Kmax",0.398380352292131,0.010311363155695,0.378066839220172,0.418594979751272
"PIST","PIST_299_2","slope",263.283256551627,46.5464995557021,171.923439491306,355.016170970525
"PIST","PIST_299_2","p50",-3.16689920518739,0.0153708397472333,-3.19707437896812,-3.13678520305737
"PIST","PIST_299_2","p12",-2.97770846526092,0.0461596938268918,-3.04400919489429,-2.86375616774437
"PIST","PIST_299_2","p88",-3.35608994511387,0.0367168791404164,-3.44938025593277,-3.30722269757342
"PIST","PIST_299_3","Kmax",0.385443838113389,0.0088868000957792,0.368025823032255,0.402906481093373
"PIST","PIST_299_3","slope",189.957856549014,20.5270016931102,149.768738478748,230.357724371064
"PIST","PIST_299_3","p50",-2.95778941715705,0.0165877325597378,-2.99030628358652,-2.92524842230679
"PIST","PIST_299_3","p12",-2.6955693909777,0.0373289811202961,-2.75849182398794,-2.61147206469778
"PIST","PIST_299_3","p88",-3.2200094433364,0.030378088824534,-3.28912529666377,-3.1696424693164
"PIST","PIST_299_4","Kmax",0.301259822499698,0.00455785846648222,0.292409465549085,0.31025162207217
"PIST","PIST_299_4","slope",143.778481552425,8.70238597541089,126.697874499099,160.841158641852
"PIST","PIST_299_4","p50",-3.20139052746578,0.0120287079194748,-3.22492165723962,-3.1777525896756
"PIST","PIST_299_4","p12",-2.85494957483204,0.0270123596340112,-2.90367906827911,-2.79770296037554
"PIST","PIST_299_4","p88",-3.54783148009953,0.0215823026146717,-3.59404439258212,-3.50957612935875
"PIST","PIST_299_5","Kmax",0.237481933151386,0.00469850012170288,0.228205650361567,0.246631258216094
"PIST","PIST_299_5","slope",133.429323869208,11.61372248157,110.783390691888,156.282178116402
"PIST","PIST_299_5","p50",-2.99023165767334,0.0164214841901689,-3.02229152332395,-2.95798861451843
"PIST","PIST_299_5","p12",-2.61691975986232,0.0394863982491773,-2.68509234040721,-2.52986371433591
"PIST","PIST_299_5","p88",-3.36354355548436,0.0349902442056978,-3.44128818037312,-3.30425645026741
"PIST","PIST_315_1","Kmax",0.251087106802894,0.00743042235464959,0.236552033985324,0.265671524170838
"PIST","PIST_315_1","slope",181.819393000926,29.0521244621536,124.813583179032,238.623752660563
"PIST","PIST_315_1","p50",-3.15983976711425,0.0247392839925531,-3.20843443845216,-3.11133027551809
"PIST","PIST_315_1","p12",-2.88588244443745,0.0624715724191166,-2.9812566477654,-2.73650509818005
"PIST","PIST_315_1","p88",-3.43379708979106,0.0466196371612618,-3.54885044773191,-3.36682475807323
"PIST","PIST_315_3","Kmax",0.382992798811291,0.00870145565269413,0.365936750584276,0.400104540665104
"PIST","PIST_315_3","slope",254.581790727126,30.2583298267909,195.286901212036,314.039372142585
"PIST","PIST_315_3","p50",-2.88767448277365,0.0116423098049421,-2.91051830886152,-2.86484380380152
"PIST","PIST_315_3","p12",-2.69201730723494,0.0299501023842907,-2.74076857360836,-2.62404360326843
"PIST","PIST_315_3","p88",-3.08333165831235,0.0243771786955009,-3.14064206249274,-3.04505685939194
"PIST","PIST_315_4","Kmax",0.387689084861638,0.008672697383419,0.370711139257428,0.404699329499584
"PIST","PIST_315_4","slope",254.019791377865,28.0966315810806,198.644230867476,309.034603380352
"PIST","PIST_315_4","p50",-2.85669877113548,0.0121334703776013,-2.88046838944214,-2.83291692015064
"PIST","PIST_315_4","p12",-2.66060871906879,0.0280716785521034,-2.70722087791204,-2.59681752341853
"PIST","PIST_315_4","p88",-3.05278882320217,0.0235273363933468,-3.10700153714672,-3.01447299066656
"PIST","PIST_315_5","Kmax",0.426341365988913,0.0105311532426671,0.405638440866515,0.446863232723672
"PIST","PIST_315_5","slope",180.26563934659,20.3588870891419,140.57957687445,220.282201485606
"PIST","PIST_315_5","p50",-3.02672125843298,0.0177711653708583,-3.06161809607945,-2.99173130852894
"PIST","PIST_315_5","p12",-2.750402630558,0.0409068446172106,-2.81847887000645,-2.65824881702528
"PIST","PIST_315_5","p88",-3.30303988630795,0.0335400328705128,-3.38044553968847,-3.24852568230181
"PIST","PIST_37_1","Kmax",0.722608154501413,0.0235490991683788,0.676534723108304,0.7686804197299
"PIST","PIST_37_1","slope",218.446720186882,41.9800681008901,136.194767023531,301.126876298127
"PIST","PIST_37_1","p50",-3.03452737607254,0.0211421945335296,-3.07609279417531,-2.99297480118792
"PIST","PIST_37_1","p12",-2.80650493620875,0.061033306726607,-2.89021929007835,-2.65442610247663
"PIST","PIST_37_1","p88",-3.26254981593633,0.0523377536708435,-3.39609981718019,-3.19459617689681
"PIST","PIST_37_2","Kmax",0.348561457890204,0.0125432521979492,0.324006342225384,0.373155609957894
"PIST","PIST_37_2","slope",191.717630543194,34.5115953541878,124.109661515053,258.961710557918
"PIST","PIST_37_2","p50",-3.16833373061213,0.0296388957416938,-3.22624048448335,-3.1100382689652
"PIST","PIST_37_2","p12",-2.9085206191308,0.064249458946474,-3.00260037235033,-2.75148399035976
"PIST","PIST_37_2","p88",-3.42814684209346,0.0602908931592806,-3.57497514390358,-3.3406244495054
"PIST","PIST_37_3","Kmax",0.802365061564006,0.0193815587406229,0.764248340792752,0.840081081317742
"PIST","PIST_37_3","slope",179.212111179555,25.4122315459806,129.750857719438,229.039366807996
"PIST","PIST_37_3","p50",-2.86991002965491,0.020256546202182,-2.90967503141108,-2.83028889866198
"PIST","PIST_37_3","p12",-2.59196701682276,0.0529782450265418,-2.67545402416599,-2.46830076389563
"PIST","PIST_37_3","p88",-3.14785304248706,0.0414111448995738,-3.24817974065625,-3.0859392602285
"PIST","PIST_37_4","Kmax",0.72785857211015,0.0114959399731866,0.705296781948121,0.750442663231544
"PIST","PIST_37_4","slope",138.014919617373,9.15924264274195,120.093445608046,156.040459721848
"PIST","PIST_37_4","p50",-2.70147524415172,0.0138569335327681,-2.72869892029889,-2.6742895139194
"PIST","PIST_37_4","p12",-2.34056676950747,0.0315087002823292,-2.3970030924437,-2.27339030002095
"PIST","PIST_37_4","p88",-3.06238371879597,0.0240771455309245,-3.1145965476836,-3.01963976791361
"PIST","PIST_37_5","Kmax",0.999421395828837,0.0176048466368129,0.964844339087951,1.03397260610995
"PIST","PIST_37_5","slope",222.663357148869,24.5556898703134,174.47902845424,270.83113352353
"PIST","PIST_37_5","p50",-3.02631490174499,0.0138756227481132,-3.0536152821207,-2.99908974117572
"PIST","PIST_37_5","p12",-2.80261058525994,0.0308718158875069,-2.85407230722113,-2.73266579944341
"PIST","PIST_37_5","p88",-3.25001921823004,0.0279771618341999,-3.31422911145664,-3.20406094558985
"PISY","PISY_161_1","Kmax",0.673972527738679,0.0091265591805846,0.656092104495479,0.691967252013216
"PISY","PISY_161_1","slope",111.083567046499,5.55947599728787,100.213584686873,122.023828316173
"PISY","PISY_161_1","p50",-2.8665041899617,0.0136315612193875,-2.89317325559094,-2.83979532536369
"PISY","PISY_161_1","p12",-2.41809624410951,0.02932019059384,-2.47202764470755,-2.35701998902653
"PISY","PISY_161_1","p88",-3.31491213581389,0.0232102264742291,-3.36352037831152,-3.27245794880679
"PISY","PISY_161_2","Kmax",0.298112738127193,0.00498122247232566,0.288332081830892,0.307903086626364
"PISY","PISY_161_2","slope",107.418869224499,6.9372218526706,93.6892400576485,121.020323297658
"PISY","PISY_161_2","p50",-2.98441205168707,0.0178284857298873,-3.01944504466144,-2.94926457991957
"PISY","PISY_161_2","p12",-2.52070623838947,0.0392248978129986,-2.59100583616108,-2.4364279778456
"PISY","PISY_161_2","p88",-3.44811786498467,0.030923871877993,-3.514699788464,-3.39325369152313
"PISY","PISY_161_3","Kmax",0.286288082182232,0.0040974176873664,0.278277741595059,0.294304014643806
"PISY","PISY_161_3","slope",63.1235276432293,2.62496061966797,57.9673573223751,68.2470901482772
"PISY","PISY_161_3","p50",-2.88609575159387,0.0194447721664087,-2.92419004730302,-2.8480805155804
"PISY","PISY_161_3","p12",-2.09699609292487,0.0448146586047084,-2.17962187189117,-2.00415290921656
"PISY","PISY_161_3","p88",-3.67519541026286,0.0305450434561682,-3.73916140836002,-3.61921654874493
"PISY","PISY_161_4","Kmax",0.153514711466614,0.0024576206874564,0.148682099129396,0.158322075279164
"PISY","PISY_161_4","slope",86.6240846731753,4.57348632072034,77.6541084542212,95.5688402537445
"PISY","PISY_161_4","p50",-2.72465617834715,0.0177003042407169,-2.75942177027515,-2.69010446795246
"PISY","PISY_161_4","p12",-2.14963418180674,0.0401902648407015,-2.22309698472078,-2.06594021679717
"PISY","PISY_161_4","p88",-3.29967817488757,0.029967556099411,-3.3636060752403,-3.24572429177556
"PISY","PISY_161_5","Kmax",0.134819334950092,0.00505356996194017,0.124963945307128,0.14475153220499
"PISY","PISY_161_5","slope",66.6954191555872,7.63383244912484,51.6774521312064,81.6548344964181
"PISY","PISY_161_5","p50",-2.57536952675846,0.0494064725479713,-2.67233183406401,-2.47811250241796
"PISY","PISY_161_5","p12",-1.82853031729107,0.124814369358783,-2.03539326947464,-1.54844265786802
"PISY","PISY_161_5","p88",-3.32220873622585,0.0759603717558524,-3.50224309484934,-3.20341363396282
"PISY","PISY_23_1","Kmax",0.34464140435591,0.00746324807757627,0.330028918864278,0.359274232859095
"PISY","PISY_23_1","slope",119.454701353897,12.0099358683819,95.96470459849,142.909899314514
"PISY","PISY_23_1","p50",-3.0359776327784,0.0224963824448754,-3.07987025360019,-2.991786633037
"PISY","PISY_23_1","p12",-2.61899317295638,0.0528012248462854,-2.70838404136069,-2.50021874680446
"PISY","PISY_23_1","p88",-3.45296209260042,0.0453210860229923,-3.55615846235757,-3.37782519705637
"PISY","PISY_23_2","Kmax",0.339648759162168,0.00757844538961966,0.324791930407736,0.354473837278555
"PISY","PISY_23_2","slope",80.1608551793537,6.23553887506289,67.9770473663491,92.4153238414845
"PISY","PISY_23_2","p50",-3.00293859067828,0.0274134885425645,-3.0564056774762,-2.94914453097176
"PISY","PISY_23_2","p12",-2.38155357668601,0.0631193080049104,-2.49325491384348,-2.24479976793341
"PISY","PISY_23_2","p88",-3.62432360467055,0.0491855020359727,-3.73221687453645,-3.53911538213451
"PISY","PISY_23_4","Kmax",0.359887223361365,0.00624683304850316,0.347605464326078,0.372088539193703
"PISY","PISY_23_4","slope",104.042741700181,7.12528411182389,90.0319856893237,117.980296420719
"PISY","PISY_23_4","p50",-3.08834906370316,0.0197562576963034,-3.12726041849429,-3.04992329594609
"PISY","PISY_23_4","p12",-2.60959626169805,0.0432554437648331,-2.68686641529696,-2.516905996715
"PISY","PISY_23_4","p88",-3.56710186570827,0.0338183851484663,-3.63997026064016,-3.50740636038187
"PISY","PISY_23_5","Kmax",0.321167620926087,0.00534312760288933,0.310647108394415,0.331663969996097
"PISY","PISY_23_5","slope",118.426243991611,8.71844253426872,101.30256369628,135.464064115829
"PISY","PISY_23_5","p50",-3.08579300164679,0.0179721337902751,-3.12107046772647,-3.05072836771241
"PISY","PISY_23_5","p12",-2.66518729434441,0.0400144721603746,-2.73618655651042,-2.57889816993911
"PISY","PISY_23_5","p88",-3.50639870894916,0.0324221223211244,-3.57717161694771,-3.44983316530271
"PISY","PISY_268_1","Kmax",0.309771387492303,0.016772387881545,0.276825622762316,0.342643302917453
"PISY","PISY_268_1","slope",112.156245273824,23.5890441914621,66.0655330675986,158.211869383668
"PISY","PISY_268_1","p50",-3.02659258273661,0.0550112284979152,-3.13452021626959,-2.91900707746576
"PISY","PISY_268_1","p12",-2.58247327403788,0.145239176375837,-2.77654001538994,-2.22702428118172
"PISY","PISY_268_1","p88",-3.47071189143533,0.118819447305935,-3.76389624481967,-3.32278560309076
"PISY","PISY_268_2","Kmax",0.287240056092877,0.00788321497588645,0.2718043314679,0.302740800910363
"PISY","PISY_268_2","slope",81.6801661961681,9.09840653412791,63.8835858129413,99.5190255413776
"PISY","PISY_268_2","p50",-3.22742563688562,0.0379004944652494,-3.3019100711265,-3.15318876025412
"PISY","PISY_268_2","p12",-2.61759884003966,0.0922178844372887,-2.77203367541905,-2.40974512534566
"PISY","PISY_268_2","p88",-3.83725243373158,0.0680505236293432,-3.99562123201247,-3.72791934182732
"PISY","PISY_268_3","Kmax",0.231488367739529,0.00462889060825164,0.222374843853748,0.240580982714426
"PISY","PISY_268_3","slope",83.1262732891649,5.73583841016817,71.8940424012861,94.4081404441188
"PISY","PISY_268_3","p50",-2.84864117126757,0.0230912010272084,-2.89399389276358,-2.80333131737906
"PISY","PISY_268_3","p12",-2.24942323274671,0.0535108288689749,-2.34510868154345,-2.13437192488583
"PISY","PISY_268_3","p88",-3.44785910978843,0.0419363485548583,-3.53902382430266,-3.37427831322727
"PISY","PISY_268_4","Kmax",0.264121590173339,0.00723828048472034,0.249920120777927,0.278287672706714
"PISY","PISY_268_4","slope",88.798522586445,8.6796715391534,71.8232193355761,105.816182131975
"PISY","PISY_268_4","p50",-3.07301461495242,0.0330162570125762,-3.13825960679589,-3.00828825552188
"PISY","PISY_268_4","p12",-2.51207336653509,0.0740753135548863,-2.63928278274963,-2.34771344033936
"PISY","PISY_268_4","p88",-3.63395586336975,0.0565272174285421,-3.7612571590668,-3.53988961781122
"PISY","PISY_268_5","Kmax",0.247111627204114,0.00535113520221078,0.236569651744816,0.257558216449757
"PISY","PISY_268_5","slope",135.836572545276,12.1773295547129,112.115852236062,159.802176838983
"PISY","PISY_268_5","p50",-2.85234407519165,0.0196163169780529,-2.89086789413512,-2.81364589505648
"PISY","PISY_268_5","p12",-2.48564788149424,0.0430411786178237,-2.56047567102401,-2.39173501810625
"PISY","PISY_268_5","p88",-3.21904026888906,0.034920340243412,-3.29634632236609,-3.15920171582419
"PISY","PISY_405_1","Kmax",0.387566132453083,0.00291373764470078,0.381874780297801,0.393276116638267
"PISY","PISY_405_1","slope",115.243255541258,3.32404953476177,108.707286993006,121.736380304459
"PISY","PISY_405_1","p50",-3.33136440263384,0.0069399770561951,-3.34492943505804,-3.31775544014479
"PISY","PISY_405_1","p12",-2.89914167616441,0.016386178086285,-2.92996442230185,-2.86565982945978
"PISY","PISY_405_1","p88",-3.76358712910326,0.0118712511477677,-3.78788408884802,-3.74133673060782
"PISY","PISY_405_2","Kmax",0.196739669641537,0.0077506593088478,0.181663237894943,0.212070581069383
"PISY","PISY_405_2","slope",61.9609473466726,6.11941465719019,49.9344222472918,73.9828383016974
"PISY","PISY_405_2","p50",-3.07016692594519,0.0487411161549803,-3.16504977752662,-2.97393256550533
"PISY","PISY_405_2","p12",-2.26626130070413,0.114228195518429,-2.46197928370532,-2.01394767385146
"PISY","PISY_405_2","p88",-3.87407255118625,0.0734911798816489,-4.04278176776847,-3.75291513538927
"PISY","PISY_405_3","Kmax",0.394813970112401,0.00463388822223169,0.385677078077834,0.403848442762066
"PISY","PISY_405_3","slope",97.7735596928023,3.69968447959798,90.5341889725348,105.093586021598
"PISY","PISY_405_3","p50",-3.04629784206444,0.0110311712379444,-3.06796438219789,-3.0246894913552
"PISY","PISY_405_3","p12",-2.53684769752887,0.0256467383542222,-2.58471097386142,-2.48398461561878
"PISY","PISY_405_3","p88",-3.5557479866,0.018363889332275,-3.59375504654647,-3.52168249861231
"PISY","PISY_405_4","Kmax",0.219926787047299,0.0031847281577176,0.213706423212859,0.226231538832028
"PISY","PISY_405_4","slope",99.7776670359341,5.34852031528997,89.3370314398754,110.255238192173
"PISY","PISY_405_4","p50",-2.84947218566784,0.0151100831786019,-2.87896489796694,-2.81984359069093
"PISY","PISY_405_4","p12",-2.35025471950564,0.0374982568790906,-2.41848165208024,-2.27154757353859
"PISY","PISY_405_4","p88",-3.34868965183005,0.0227666254530847,-3.39753717139109,-3.30840554305888
"PISY","PISY_405_5","Kmax",0.313048271438401,0.00502797693696018,0.303184251414722,0.322889348982949
"PISY","PISY_405_5","slope",139.955809294187,12.5414347602286,115.387028582792,164.537530626046
"PISY","PISY_405_5","p50",-3.48719303182062,0.0165511748714336,-3.51962589757254,-3.45481529686798
"PISY","PISY_405_5","p12",-3.1312895908098,0.0387524594034506,-3.19748096840679,-3.04516956849688
"PISY","PISY_405_5","p88",-3.84309647283144,0.0350055138414879,-3.92135261209744,-3.78434356607946
